comment_id,author,text,like_count,published_at,reply_count
UgyPENDhiWQLFNUDYCd4AaABAg,@willianaguiar7339,😂,0,2026-02-25T20:34:32Z,0
Ugw8bEKA-G2n7jCF_gR4AaABAg,@HockeyBrasilTTV,Eu acho que os meus traumatismo agora é da boneca,0,2026-02-25T20:33:41Z,0
UgxZFWTnTQFCKte0usl4AaABAg,@PastorRaphaelBond,😂😂😂😂,0,2026-02-25T20:23:02Z,0
Ugzg4s86IewTJMlA9sR4AaABAg,@belinha_blox-t3n,😂😂😂😂😂 kkkkkkkkkkkkkkk,0,2026-02-25T20:21:03Z,0
UgwCdns1QPzlD2-7dXh4AaABAg,@nathalianevesteixeira4837,Eu ia fazer a mesma coisa kkk,0,2026-02-25T20:13:35Z,0
UgxXMUcVgMClYYpJ0rJ4AaABAg,@AndrerLuiz-f3b5h,😂😂😂😂😂😂😂😂😂😂,0,2026-02-25T19:46:14Z,0
Ugw7BuQIHToXbf2sjIJ4AaABAg,@FatimaReis-f5i,Ķkkkkkkkkk deu pra ver a xereca da boneca 👌👈💥💥,0,2026-02-25T19:40:46Z,0
Ugx_2oeOpbGXhgXLNKR4AaABAg,@GrasielaTides,Sera que ta bem?🤨,0,2026-02-25T19:35:25Z,0
UgyutZ5vyjgjnQ3PkvJ4AaABAg,@IsinhaBlox97,Eu já tomei uma bolada na cara no cca kkkkk,0,2026-02-25T19:29:54Z,0
Ugwh70WHH_wjIpM77bJ4AaABAg,@DaianeSantos-we4xi,😂😂😂😂😂😂😂😂😊😊😊😊😊,0,2026-02-25T19:23:11Z,0
Ugw_GTYutwsM3HYtp_p4AaABAg,@Willians-ss1tq,❤,0,2026-02-25T19:22:01Z,0
Ugy7Vjb0czbF1W4hysh4AaABAg,@EnzoLeandro-t1c,😂😂,0,2026-02-25T19:21:52Z,0
UgwzZOiYScVctzFSdWt4AaABAg,@lizianasouzavianacosta5960,Kk,0,2026-02-25T19:01:32Z,0
UgzaDPqfAOdflnO9AER4AaABAg,@gabrielhenriquepereira3950,😂,0,2026-02-25T18:59:25Z,0
UgysVP_Wcl1e8ML76Mh4AaABAg,@andriellecristina1597,😅😅,0,2026-02-25T18:42:56Z,0
UgwPYgmyGwfWJHxRQZN4AaABAg,@Anônimo-c85,OI PACKIZITU,0,2026-02-25T18:40:11Z,0
UgxfJOKdvTQmsW28Nlh4AaABAg,@marinasousa-o7i,😂😂😂😂😂😂😂,0,2026-02-25T18:39:31Z,0
UgyM-kBw6HzidgfuQtd4AaABAg,@marlifuckner6930,#67aura,0,2026-02-25T18:33:47Z,0
UgwOMWtq8deY-F4etMh4AaABAg,@LiaraSautier,Kkkk,0,2026-02-25T17:50:46Z,0
Ugyupdzinb7EwlhU-kt4AaABAg,@MC_PlayerSons,Eu sou o comentário 1k,0,2026-02-25T17:19:03Z,0
UgyVRzewQoCF3Ds7ZR54AaABAg,@Fluttershy-mlp-k2y,"""então você vai ser craniano💥☠️"" KAKAKAKAKAKAKAKAKAKAKAKAKAKAK",0,2026-02-25T17:15:07Z,0
UgxI91dXM92eSrm6s794AaABAg,@YasmimCortez-b4k,🌸🥝🌹 kkkkkkkkkkkkkkkkk,0,2026-02-25T17:05:22Z,0
Ugz0OCuWJcL_XhXr4dx4AaABAg,@brunasouza4390,😂😂😂😂😂,0,2026-02-25T16:55:05Z,0
Ugy6B02VZ0-OInrshK14AaABAg,@alicenq9vs,Kkkkkkkkkkkkkkkkkkk😂😂😂,0,2026-02-25T16:54:52Z,0
UgxaUd3szujiYX2lebt4AaABAg,@VanessaFabricio-dl1mn,Eu dei tanto tapa nesse com a cabeça do bichinho ficou mole,0,2026-02-25T16:46:52Z,0
Ugyuy6Zhkly5_8hj4Zh4AaABAg,@VanessaFabricio-dl1mn,Eu faço é pior com Pietro,0,2026-02-25T16:45:42Z,0
UgwEr5w9LyC7HSosid14AaABAg,@LucasSilva-v6w5v,😮kkkkkkkkkkkkk😮😮kkk😮k😮kkkkhh.        S😮😮😮😮?k,0,2026-02-25T16:39:34Z,0
UgzF3_45djomDB5g3dF4AaABAg,@muichiro19877,"""eu falei quer, ela falou quero aí eu falei então o seu vai ser craniano 😈"" kkkkk",0,2026-02-25T16:34:06Z,0
Ugw_VOu9gYwo-qsDlgB4AaABAg,@Sophia._Ianness,"KAKAKAKAKAK ""é o tourette"" KAKAKKAA Morrii",0,2026-02-25T16:25:27Z,0
Ugw9N9twtiDaj8usYRV4AaABAg,@AliceMoura-f3l,Meeu trauma é da. Lily. Do audio dela sabia q seu cabelo cresce ate quando vc mo-🥰🥰🥰,0,2026-02-25T16:25:27Z,0
UgwpGci82r3jRJg1RmR4AaABAg,@RubensFernandesGomes,Pode não mano,0,2026-02-25T16:19:54Z,0
UgwU99VpaabBYoJ3o1F4AaABAg,@GrespiIndústria,Kkkkkkkk😂,0,2026-02-25T16:13:50Z,0
Ugy_Jf5Ikh_EUWsrtO54AaABAg,@ThaisaAnjos-u3i5f,"""então o seu vai ser craniano💀"" a menina ajudando o traumatimos😂kkkkk",1,2026-02-25T16:06:31Z,0
Ugwda3ErUEL8f1lGX1p4AaABAg,@DaviMelo-z8z4p,Posta mais vídeo de Roblox,0,2026-02-25T16:00:17Z,0
UgzQ-AO4dHjGckVZG2B4AaABAg,@MoacyrPinheiro-r2v,A MESMA COISA DO MEU PRIMO😢😢😢😢😢😭😭😭,0,2026-02-25T15:58:26Z,0
UgzMf4oyObAe02_TEEZ4AaABAg,@3DRR333Æ,"Eu já tomei duas boladas
 na cara",0,2026-02-25T15:42:21Z,0
UgxSsAUB3KJGwo9iMKB4AaABAg,@InácioCustódio-h1b,Rkek,0,2026-02-25T15:41:26Z,0
UgzGybbsFL0lhKqQgwF4AaABAg,@Pedrinholucs18,Kskskskskskks creniano q português e esse 🤔,0,2026-02-25T15:41:05Z,0
Ugx4mWy9pmQlB_DlRZB4AaABAg,@SusanaWeizenmann,A cara dele 😮🙀,0,2026-02-25T15:36:21Z,0
Ugztrg22TtLfVUBMRn94AaABAg,@vilmabrito1616,Kkkkkkkkkkkkkkkkk,0,2026-02-25T15:32:35Z,0
UgxSQWJOnWKZlx6VX_t4AaABAg,@ManuPaiva-b9g,são muito sua fã eu sempre assisto seus vídeos bem legais e bem incríveis e criativos também eu te amo tanto que você nem tem que imagina,0,2026-02-25T15:32:08Z,0
UgyEsJlQwQELRXqCRTN4AaABAg,@Nike_fgghh,Filha você quer um traumatismo todo mundo tem traumatismo na vida mas só que o teu vai ter um pouquinho diferente você quer um traumatismo eu quero pai então o seu vai ser craniano,0,2026-02-25T15:28:12Z,0
UgxbwYfa0d2OVWaY7XJ4AaABAg,@Isis-artistaa,Kakakakakkakakakakak,0,2026-02-25T15:16:17Z,0
UgxWr3xvB0usNz6cJsh4AaABAg,@XKAUAZN33,Certo ela vai ter trauma da própria mãe mata a ela,0,2026-02-25T15:08:53Z,0
UgymH_D-q6MPT4dBKmh4AaABAg,@VissáinadeCTorresGomes,"Meu traumastimo foi ver um menino caindo e metendo a testa no chão de cimento e sangrar depois ele grita ""EU VOU MORRER😭' e a tia olhando e n fez nada-",0,2026-02-25T15:08:31Z,0
Ugwvjo7DmpCsWvrJGP54AaABAg,@camilasoares7100,❤,0,2026-02-25T15:03:48Z,0
UgzhdYTYZ8rQCd9NFvF4AaABAg,@fabianaamorimp,🤣🤣🤣🤣🤣🤣🤣🤣🤣🤣🤣🤣🤣🤣🤣,0,2026-02-25T14:56:04Z,0
Ugwd1G6-gsumRGDOISR4AaABAg,@MarcosPaulodeNovaesNovaes,Tenho um traumatismo com piscina,0,2026-02-25T14:49:08Z,0
Ugx5VvGQigMjrdEBD3R4AaABAg,@janetegloriaantonino8281,😅😅😅😅😅😅😅😅😅😅😅😅😅,0,2026-02-25T14:35:27Z,0
Ugz5DUiTgUHQpXkvQk14AaABAg,@ednacardoso8659,Meu sobrinho já tomou  uma bolada  na barriga e ficou sem ar por alguns segundos,0,2026-02-25T14:24:13Z,0
UgzCWhgw4sdyu--1_Vt4AaABAg,@anaflaytuber1452,Eu Tam bem já levei uma bolada na cara kkkkk,0,2026-02-25T14:20:39Z,0
Ugyw_J7AaRi2mZ4XTa14AaABAg,@super_NEYMAR11,Creme Ane❤😂😂😂😂😂😂😂😂😂😂😂😂😂😂❤🎉,0,2026-02-25T14:16:39Z,0
UgwSQ_aXclaj_bAJ6vV4AaABAg,@marcelabrandini8072,😢😂,0,2026-02-25T14:13:13Z,0
Ugwlqd2H9ZdNpBTx0qx4AaABAg,@LecyBastosCamposneta,Ksksks,0,2026-02-25T14:04:51Z,0
UgwDoAG-GX5wHRahlOR4AaABAg,@laizasouza5210,Só continua assim que fira a Ana dele kkkkkkkkkkkkkkkkkkkkkkkkkkkkkkkkk,1,2026-02-25T13:59:25Z,0
Ugz1uL8HVOV53j1Vf2x4AaABAg,@LiaMoreira-n7w,😂😂,0,2026-02-25T13:57:32Z,0
Ugx4SNchcnL1G8h4u2V4AaABAg,@união_fezes,😂😂😂😂😂,1,2026-02-25T13:52:28Z,0
UgwTSHZyhVJcxk_FFLJ4AaABAg,@Isadorafofaofc,"""então o seu vai ser craniano""💀💀💀💀💀💀💀💀💀💀",0,2026-02-25T13:04:09Z,0
Ugzi_cyRtyDZLRm1SFZ4AaABAg,@Mariana-u1s,Bem normal kkk😂😂😂😂😂,0,2026-02-25T13:04:01Z,0
UgzZnp8zPM6KkuH4oJB4AaABAg,@klebiafranca9689,A boneca sendo igual a minha kkkk 😂😂,0,2026-02-25T12:49:37Z,0
UgwwIIsO1_xzOwk371l4AaABAg,@ÂngeloGabriel-m3w,"😂😂😂😂😂 iiiiiiiiiiiiiiiiii 
😂😂😂😂😂",0,2026-02-25T12:23:16Z,0
UgxvfedxxrtK3XV9vkF4AaABAg,@FABIOGOMES-lv8yp,Mas que audácia,0,2026-02-25T12:19:00Z,0
Ugx3paPwMRaZbliAMgJ4AaABAg,@Dudinhablox49,Então o TEU vai ser CRÂNIO rachei nessa parte KAAKAKAKAAK,0,2026-02-25T12:17:19Z,0
UgwpvEwB1vQXBkJlST54AaABAg,@ÁGATA-c2p,Oxiiiiii,0,2026-02-25T12:07:44Z,0
Ugy7tFUUZ9y6b3fGddZ4AaABAg,@vivianeortiz8875,E a filha da menina do parto indelicado 🤠,0,2026-02-25T12:05:39Z,0
Ugy2y1wwsN4F6BU21VN4AaABAg,@gulosinho_royale777,Eu já tomei 7 boladas na cara e tô normal😊😊😊,0,2026-02-25T11:53:51Z,0
Ugy6X-v5EjlJ7-UyBTF4AaABAg,@lilic4_uWu,𝑂𝑖,0,2026-02-25T11:46:42Z,0
UgxV7XTKi5tX96Y8wi54AaABAg,@Nike_fgghh,Traumatismo craniano☠️☠️☠️☠️☠️,0,2026-02-25T11:27:26Z,0
UgyuGdIwSYrAMZk0LId4AaABAg,@financeiropematel,outro dia eu cai de bunda no chao e agora acho que todo mundo vai escoregar,0,2026-02-25T11:26:05Z,0
Ugxg0RKZASokZW87lch4AaABAg,@zaylianne,"""Ain mais eu queruh um traumatismo diferente......ENTAO O SEU VAI SER CRANIANO😈""",0,2026-02-25T11:12:32Z,0
Ugx8Z5CrZfq5bt4e_Nh4AaABAg,@ÍsisMartinsFerreira,😂😂😂😂 kkkkkkkkkkkkkkkkkkkkkkkkkkkkkkkkkkkkkkkkkkkkk kkkkkkkkkkkkkkkkkkkkkkkkkkkkkkkkkkkkkkkkkkkkk kkkkkkkkkkkkkkkkkkkkkkkkkkkkkkkkkkkkkkkkkkkkk kkkkkkkkkkkkkkkkkkkkkkkkkkkkkkkkkkkkkkkkkkkkk kkkkkkkkkkkkkkkkkkkkkkkkkkkkkkkkkkkkkkkkkkkkk kkkkkkkkkkkkkkkkkkkkkkkkkkkkkkkkkkkkkkkkkkkkk kkkkkkkkkkkkkkkkkkkkkkkkkkkkkkkkkkkkkkkkkkkkk kkkkkkkkkkkkkkkkkkkkkkkkkkkkkkkkkkkkkkkkkkkkk kkkkkkkkkkkkkkkkkkkkkkkkkkkkkkkkkkkkkkkkkkkkk kkkkkkkkkkkkkkkkkkkkkkkkkkkkkkkkkkkkkkkkkkkkk kkkkkkkkkkkkkkkkkkkkkkkkkkkkkkkkkkkkkkkkkkkkk kkkkkkkkkkkkkkkkkkkkkkkkkkkkkkkkkkkkkkkkkkkkk kkkkkkkkkkkkkkkkkkkkkkkkkkkkkkkkkkkkkkkkkkkkk kkkkkkkkkkkkkkkkkkkkkkkkkkkkkkkkkkkkkkkkkkkkk kkkkkkkkkkkkkkkkkkkkkkkkkkkkkkkkkkkkkkkkkkkkk kkkkkkkkkkkkkkkkkkkkkkkkkkkkkkkkkkkkkkkkkkkkk kkkkkkkkkkkkkkkkkkkkkkkkkkkkkkkkkkkkkkkkkkkkk kkkkkkkkkkkkkkkkkkkkkkkkkkkkkkkkkkkkkkkkkkkkk kkkkkkkkkkkkkkkkkkkkkkkkkkkkkkkkkkkkkkkkkkkkk kkkkkkkkkkkkkkkkkkkkkkkkkkkkkkkkkkkkkkkkkkkkk kkkkkkkkkkkkkkkkkkkkkkkkkkkkkkkkkkkkkkkkkkkkk kkkkkkkkkkkkkkkkkkkkkkkkkkkkkkkkkkkkkkkkkkkkk kkkkkkkkkkkkkkkkkkkkkkkkkkkkkkkkkkkkkkkkkkkkk kkkkkkkkkkkkkkkkkkkkkkkkkkkkkkkkkkkkkkkkkkkkk kkkkkkkkkkkkkkkkkkkkkkkkkkkkkkkkkkkkkkkkkkkkk KKKKKKKKKKKKKKKKKKKKKKKKKKKKKKKKKKKKKKKKKKKKK KKKKKKKKKKKKKKKKKKKKKKKKKKKKKKKKKKKKKKKKKKKKK KKKKKKKKKKKKKKKKKKKKKKKK KKKKKKKKKKKKKKKKKKKKKKKKKKKKKKKKKKKKKKKKKKKKK KKKKKKKKKKKKKKKKKKKKKKKKKKKKKKKKKKKKKKKKKKKKK KKKKKKKKKKKKKKKKKKKKKKKK KKKKKKKKKKKKKKKKKKKKKKKKKKKKKKKKKKKKKKKKKKKKK KKKKKKKKKKKKKKKKKKKKKKKKKKKKKKKKKKKKKKKKKKKKK KKKKKKKKKKKKKKKKKKKKKKKK KKKKKKKKKKKKKKKKKKKKKKKKKKKKKKKKKKKKKKKKKKKKK KKKKKKKKKKKKKKKKKKKKKKKKKKKKKKKKKKKKKKKKKKKKK KKKKKKKKKKKKKKKKKKKKKKKK KKKKKKKKKKKKKKKKKKKKKKKKKKKKKKKKKKKKKKKKKKKKK KKKKKKKKKKKKKKKKKKKKKKKKKKKKKKKKKKKKKKKKKKKKK KKKKKKKKKKKKKKKKKKKKKKKK KKKKKKKKKKKKKKKKKKKKKKKKKKKKKKKKKKKKKKKKKKKKK KKKKKKKKKKKKKKKKKKKKKKKKKKKKKKKKKKKKKKKKKKKKK KKKKKKKKKKKKKKKKKKKKKKKK KKKKKKKKKKKKKKKKKKKKKKKKKKKKKKKKKKKKKKKKKKKKK KKKKKKKKKKKKKKKKKKKKKKKK KKKKKKKKKKKKKKKKKKKKKKKKKKKKKKKKKKKKKKKKKKKKK KKKKKKKKKKKKKKKKKKKKKKKK KKKKKKKKKKKKKKKKKKKKKKKKKKKKKKKKKKKKKKKKKKKKK KKKKKKKKKKKKKKKKKKKKKKK,0,2026-02-25T11:08:02Z,0
UgyrGbjziPjmembg2Jx4AaABAg,@LizAmaral-d8h,P monster nisso é quando eu tava lá no shopping eu fiquei com dor de cabeça muita mesmo muita muita muita muita muita muita aí sem querer eu tomei remédio acabei vomitando no carro depois falou assim olhes mas deve ser mais 10 mais 10 mais 10 para comprar uma roupa para mim ele ficou hoje chicana falou assim diz como ser chato programa melhor dia Alice,0,2026-02-25T11:02:16Z,0
UgzzLQtElWqD6iTlCaB4AaABAg,@marianamassonetto3891,Kkakakakakkakakk,0,2026-02-25T10:35:57Z,0
UgzPCfnvlXnisggw6tZ4AaABAg,@Vinicius13-calvo,Traumatismo não traumatismo ucraniano,0,2026-02-25T09:51:02Z,0
Ugz3_R4GmicbRLNR0wN4AaABAg,@JoãoMiguelGoes-o4x,❤,0,2026-02-25T09:32:47Z,0
Ugw0V9hTB8ARom6mUN54AaABAg,@JosuéSilva-r3g2z,Eu tenho traumatismo craniano serve,0,2026-02-25T09:13:45Z,0
UgyZ9cvRwwvUTVMCvbd4AaABAg,@JosielJefferson4939,Tá amarrado em nome do mano JC kkkkkkkkkkk rachei,0,2026-02-25T08:31:13Z,0
UgzrV9LtHP7iaMJ7gUt4AaABAg,@NicolasSilva-o3y,uma fez eu tomei uma bolada no saco😂😂,0,2026-02-25T07:27:36Z,0
UgxbwgQ9ZJdC1eQGoo54AaABAg,@vanyasantana7936,💀☠️,0,2026-02-25T07:14:48Z,0
UgzKEpHpwQCuujRUCDt4AaABAg,@robotizando_a_vida,Meu traumatismo é meu irmão ele me irrita parece que eu vou querer matar ele😅😅😂😂,0,2026-02-25T05:59:08Z,0
UgygYKnGptzywyZmLsx4AaABAg,@RosaneDeFatimagoetten-yc8nq,Kkkkkkkk a filha eu só queria te um traumatismo de dino mas foi de cabeça no chão 😂😂😂😂😂,0,2026-02-25T05:39:53Z,0
UgwikMcJK1e9PvHycuZ4AaABAg,@AnnaHillary-i3r,kkkkk me quebrou,0,2026-02-25T04:16:46Z,0
UgwZqYzZR7rDJJahz4t4AaABAg,@maiaragomes7387,Quem toparia ser filha dessa anjinha😅,0,2026-02-25T03:39:25Z,0
Ugz0ViftrW0ebR_Tqjl4AaABAg,@juliaschieber4003,Ser Loko não compensa,0,2026-02-25T03:24:55Z,0
UgzKCeDtilOgdVXrpJd4AaABAg,@AntonioSergioSantos-d2l,😂😂,0,2026-02-25T03:19:11Z,0
UgxWOtKfY4KbAGKZpgF4AaABAg,@fãsdaequipetenebrosa,Kkk,0,2026-02-25T03:10:43Z,0
UgwfQ49DtEOTmAv_KHN4AaABAg,@AntonioBragadeAraújo-s2m,😂😂😂😂😂😅🎉,0,2026-02-25T03:07:23Z,0
UgyyN7-DFBTlCGzgJJt4AaABAg,@IslaSilvana,Ah eu também tenho um traumatismo eu fui quase atropelado pelo um carro quase morri quase morri pelo menos minha mãe me segurou,0,2026-02-25T03:06:43Z,0
UgzvAePlxNqIC72TlzR4AaABAg,@mariarizomariadasilvamaria3928,😂😂❤😊,0,2026-02-25T02:57:36Z,0
Ugyjq0S7XdlTpDN8lAZ4AaABAg,@MariaAurivaniadaSilva,akkakaka,0,2026-02-25T02:52:36Z,0
UgwD5NM-YtccztP-F994AaABAg,@MariaAurivaniadaSilva,aaé coloca para ficar sem solular 🤓😼,0,2026-02-25T02:52:27Z,0
UgyV0-nk8I4TY8l7f6l4AaABAg,@roseazevedo2728,Kkkkjjkkkkkkkkkkkk😂😂😂,0,2026-02-25T02:34:18Z,0
UgxPpghqiQzvFLsOrih4AaABAg,@KiraBlox.brasileirinha,"""todo mundo tem um traumatismo"" minha filha queria ter um traumatismo diferente. ""então vai ser um craniano""",0,2026-02-25T02:31:55Z,0
Ugwq_bHG_5lkHCcmpxZ4AaABAg,@EnzoHenrique-g6i,Sou teu fã,0,2026-02-25T02:30:03Z,0
Ugz3CScvG2y-WBli2Cd4AaABAg,@Goodvibesmaryah2016,EU FIZ UM VIDEO ASSIM TB KKKKKKK,0,2026-02-25T02:16:43Z,0
UgznoG9u2wlNRQN5AuN4AaABAg,@MiguelSilva-c5r1w,Cadê a toca,0,2026-02-25T01:58:25Z,0
Ugy63vr-bZUJ9bXnswx4AaABAg,@eusouoquesou3196,😅😅😅😅😅😅😅😅😅😅😅😅😅😅😅😅😅😂😂😂kkk,0,2026-02-25T01:56:39Z,0
UgyWQbXa7DLVrObpLPV4AaABAg,@DayaneJuliosilva,*genti... Essa menina é o pescotapa do pescotatismu*rachei nessa parte,0,2026-02-25T01:48:08Z,0
UgwkTFzxX3Ud2xMvp_t4AaABAg,@VitorGindri-s2l,Batia cabeça de bisi,0,2026-02-25T01:43:42Z,0
Ugw6RSAo4LI3v3Losxd4AaABAg,@HeitorPokemon-q4n,Mn,0,2026-02-25T01:32:17Z,0
UgxAewja1e7Of-_GYpN4AaABAg,@LuizHenriqueMorais-f8h4g,So se for dela,0,2026-02-25T01:30:03Z,0
Ugy4OGUEhmKk4cd3XVd4AaABAg,@Polianaajhdkeh,😂😂😂😂😂😂😂😂😂😂😂,0,2026-02-25T01:29:54Z,0
UgwKybB-wojzCdb8PKp4AaABAg,@laura-l4v2rhello-kit,Filha todo mundo tem um Traumatismo na Vida 😌✨,0,2026-02-25T01:29:54Z,0
UgwkyQcrbUZlFxYRgIp4AaABAg,@CleytonSilva-r1l,Ela não tem medo do diabo não o diabo que tem medo dela😂😂,0,2026-02-25T01:29:54Z,0
Ugy8JlmiJYQdbVigYgh4AaABAg,@Arthurplay-kdf,"Kkkkk a menina fez um video muito educativo, a e pucizinho vai no medico",0,2026-02-25T01:24:50Z,0
UgwACi2r5GVDmyGMauJ4AaABAg,@Lavinia_ama_brawl,Repostou né .... PARABÉNS PARABÉNS,0,2026-02-25T01:23:20Z,0
Ugya1ioMBVFB30ruwx94AaABAg,@AgathaKarolinaAgatha,Kkkkkkkkk gosto muito do ceusvidio,0,2026-02-25T01:20:50Z,0
UgzlbupNErSYrZD0Nat4AaABAg,@VitóriaSantos-k9g,😂😂😂😂😂😂😂😂😂😂😂😂,0,2026-02-25T01:15:30Z,0
Ugx5_ajD_nH3wbJEFrV4AaABAg,@carlosaugustoferrazmendes9694,😂😂😂😂😂😂😂😂😂😂😂😂😂😂😂😂😂😂😂,0,2026-02-25T01:14:38Z,0
UgzRltYXM_hyrsJpMEF4AaABAg,@LorenzoBonitinho-l7o,🤓🤙,0,2026-02-25T01:11:40Z,0
UgzPXhupobtKx8T41_R4AaABAg,@MiguelGonsalves-t3x,MIGUEL😂😂😂😂😂😂,0,2026-02-25T01:10:02Z,0
Ugx4oGP6rn0dzEAvjXB4AaABAg,@andreluisqueiroz4975,😂😂😂,0,2026-02-25T01:01:47Z,0
Ugy2BWAu78v305y1GNF4AaABAg,@lorenna-q8f,Tá amarrado em nome do JC kkkkkk mds,1,2026-02-25T00:59:45Z,0
Ugz6YvilqWt4AET2yeV4AaABAg,@pinguim-A9,😂😂,0,2026-02-25T00:59:44Z,0
Ugyknb5MECLyY5DzxB54AaABAg,@lorenna-q8f,Gente essa menina é a pura pestecopata da pura pestecopia tá amarrado kkkkkk 😂😂😂😂😂😂mano me quebro inteirasa,1,2026-02-25T00:59:14Z,0
UgwF2hOpNyPWFemZYvV4AaABAg,@lorenna-q8f,Kkkkk gente essa menina é a pura pescopata da pura pestecopia kkkkk me quebrou,0,2026-02-25T00:56:57Z,0
UgzH4HGLS9akT6cgfCN4AaABAg,@Paulo-v8p9b,😅😂😂😂😂😂,1,2026-02-25T00:56:20Z,0
UgwkYUFnYIRw3LbFc5J4AaABAg,@fabianadejesusoliveira4080,"Mn do céu, essa daí ñ pd se mãe nunca na vd",0,2026-02-25T00:47:14Z,0
UgzkJXNnubxzKTd043V4AaABAg,@ErinaldoFirme-z4i,"😢😂😂😂😂😂piaracetilisa
😂😂❤",0,2026-02-25T00:47:09Z,0
UgwH1xM8_ehAc_lGUsJ4AaABAg,@adilsonricardo3405,Traumatismo !!!!!   😧😧😧😧 OXI,0,2026-02-25T00:40:48Z,0
UgzD95JdB5scB-MfQUB4AaABAg,@camilawelter7686,🤣,0,2026-02-25T00:40:19Z,0
UgxO6oTkppZJgRgcWMh4AaABAg,@Olivergxavier,inTAOUUUMMM... u seu vai se KRAniANUUU...👹👹👹👹👺👺👺👺👹👺👹👺👹,0,2026-02-25T00:35:04Z,0
UgwRiI0KfpRruefZH214AaABAg,@MayraVasconcelos-q3w,Oi,0,2026-02-25T00:34:25Z,0
UgyDyvtHSPj4aWJxNQN4AaABAg,@Davizin_ck2,Então o seu vai ser craniano 💀☠️,0,2026-02-25T00:33:27Z,0
UgzlicnOF-9qdJpnyEd4AaABAg,@lorenzomanfrinato,Eu tambem levei uma bolada,0,2026-02-25T00:21:49Z,0
UgyEfU8Yh6G0E47sEGN4AaABAg,@MariadoCarmo-l2d7r,Kakakak😂😂,0,2026-02-25T00:13:08Z,0
Ugx1g_khT9qdpEK3lll4AaABAg,@MaxLucas-x4h,😂😂😂😂😂😂😂😂😂😂😂,0,2026-02-25T00:11:28Z,0
Ugw_bJ7lDOKwTGo4QYp4AaABAg,@SophiaHellena.F.Oliver,Você é muito desgraçado tá você sempre fala hojesophia❤❤😂😂😂🎉🎉,0,2026-02-25T00:11:20Z,0
UgxP6DgzP70bX5lX8i14AaABAg,@MariaLuiza-f2d8g,kkkkkkk,0,2026-02-25T00:11:19Z,0
UgwBrsnBeUJw9aL7uDJ4AaABAg,@Ryziiiiin,Joga free fire Porfavor,0,2026-02-25T00:06:53Z,0
Ugy6sAi7ee_itmkOiTF4AaABAg,@joaolucasgamer5062,Melhor do poquito é o Stick que ele dá,0,2026-02-24T23:57:29Z,0
UgymIsY39-S3BLCZz7d4AaABAg,@kellytista,"""Essa menina é a pura pescotapa da pescotapia "" rachei kapakapakapakapaakapkapa",0,2026-02-24T23:55:38Z,0
Ugzs_RJ6JFhLt7jL3-14AaABAg,@Cecilia-y4g7s,Eu já levei uma bolada verdadeira mas n foi a pior coisa que eu já fiz,0,2026-02-24T23:55:08Z,0
UgypmQ8MTup2c2jMquR4AaABAg,@EmanuelleVitória-v9r,Oxe Essa é minha boneca eu tenho uma igualzinha não trava que nem ela mamãe desnaturada,0,2026-02-24T23:54:35Z,0
Ugy2yWacDdIycg1QFPd4AaABAg,@IsabelaDomiciano-p3i,Cai o torrete racheiiii kkkkkkkkkkkk,0,2026-02-24T23:53:29Z,0
UgwoG0ksNTopCZDCxgV4AaABAg,@mulekedoido5977,😂,0,2026-02-24T23:44:40Z,0
UgzWVNFq51aatBKwpB54AaABAg,@yuji_itadori-h5k,Diferente.. eu na escola tentando ser diferente me fingindo de pessoa com síndrome de autismo:,0,2026-02-24T23:42:35Z,0
UgyRhc_plT-UnqtcGXt4AaABAg,@apenasumafãdeanime123,"""Ahhh ela quer ser DIFEREN-TONA😠, coloca uma melancia 🍉 na cabeça e dá três mortal pra trás 🤪, ninguém nunca fez isso ☺️😈💥✨""",0,2026-02-24T23:39:54Z,0
Ugx9y8lBnHyxMtVTOvJ4AaABAg,@NycoleRayssa,AMOOOOOO QUANDO ELE FALA MANO JC E GENTEEEEEE,1,2026-02-24T23:35:08Z,0
Ugx8s5ZaIdxDOwVwjyR4AaABAg,@AnnaEsterRossiCunha,Tô morrendo de rir 😂😂😂😂😂,0,2026-02-24T23:31:38Z,0
UgzgmUA7oK2mcZSAQ094AaABAg,@israelargolo439,"Eu duvido , vc fazer 10 vídeos em 1 dia só",0,2026-02-24T23:27:22Z,0
UgyIb-cH-VeoE7E10H54AaABAg,@fernandoantonio9161,Eu n consigo escreve por causa que eu fico rindo desse vídeo,0,2026-02-24T23:25:20Z,0
UgyQsx814WHeu2tpXeF4AaABAg,@tomdoceara,Meu trauma (até agora)foi ser picado por um escorpião no mesmo dia que eu descobri que meu signo é câncer kkk😅😅😅😟😟😟😫😫,0,2026-02-24T23:24:40Z,0
UgzIY5aVlFiZuyqcnbx4AaABAg,@GustavoSouza-z2e3d,😂😂😂😂kkk,0,2026-02-24T23:24:09Z,0
UgyWrFjVzXd4WkkzUpJ4AaABAg,@ernandesousa-q9o,Lkkkkkkkkkkkkkkklllkkkkkkkkkkkkklkkkkkkkk,0,2026-02-24T23:22:21Z,0
Ugxuc0ZDYxHm6oE_nt54AaABAg,@SamuelSilva-c7w,😂😂😂😂😂😂😂😂😂😂😂😮,1,2026-02-24T23:20:04Z,0
UgyWF8hvMz0XadkDjxV4AaABAg,@luhanadelrei839,Puck parece o Sanderson de vai que cola,1,2026-02-24T23:16:45Z,0
UgxkHhG_FWhn9z6qZ_d4AaABAg,@nancisodre4514,E mim deram uma bolada na cara mas tô normal até h-🤪🥵🥴👹😟,0,2026-02-24T23:16:06Z,0
UgxTE9Bfj2K5m1xfdmR4AaABAg,@lucicleidedias6753,"""todo mundo tem um traumatismo na vida"" é fo- kkkkkkk😂😂😂",0,2026-02-24T23:08:33Z,0
UgxLrpeR9dpLqxfPkbB4AaABAg,@DavidAlexandrejaconisdomingos,Olha joga a filha do lixoque é melhor,1,2026-02-24T23:05:23Z,1
Ugxm9ePn5rFX80-DzIB4AaABAg,@marianatorresdecastro9799,kkkkkkkkkkkkkkkkkkkkkkkkkkkkkkkkkkkkkkkkkkkkkkkkkkkkkkkkkkkkkkkkkkkkkkkkkkkkkkkkaaakaakakakakakakakakakakakakakakakkak,1,2026-02-24T23:03:14Z,0
UgyY_2izJ03t9dGveUF4AaABAg,@dinozinhoéoraviandrade,Kkkkkkkk,0,2026-02-24T23:03:10Z,0
UgyQWqjRUKLTTRfg3Fx4AaABAg,@MariaGalione-h1u,❤❤❤❤,0,2026-02-24T23:02:47Z,0
Ugym2mpu8U46o3VgoCh4AaABAg,@GabrielaSilva-fx7tk,Quer ser diferentona ainda parece que é recém-nascida ainda até a minha a minha filha tá aqui ó só na glória toda hora aqui ó jogada no chão,1,2026-02-24T23:01:53Z,1
UgwgSdL-PZKBHaKSYZF4AaABAg,@CarlosAlmeida-c2e,Puck faz tempo que você não reage vídeo do pitomba,1,2026-02-24T23:01:27Z,1
UgxSJXSoD4ArBIPrScZ4AaABAg,@Davizinprime-b1s,Kkkkkkkk,1,2026-02-24T23:00:38Z,0
UgytCvueqGq06xrkBfp4AaABAg,@HenriqueFelix-p2f,Como ele fez hihi rachei o bico,2,2026-02-24T22:58:00Z,0
Ugzn9W7cm2siXR-Mp2l4AaABAg,@Laura-x4f2g,Ele falou  do mano jp kkkkkkkkkk,1,2026-02-24T22:54:28Z,1
UgxxYo2N57yegopfOrR4AaABAg,@aninha2792,🤨🤨🤨🤐🤨gostaria muito,1,2026-02-24T22:51:49Z,0
Ugyy6IVD7oJ-yifya4t4AaABAg,@selmasantanacebrianpereira1369,🤨🤨,1,2026-02-24T22:51:28Z,0
UgwfoXwclgGClp7feoV4AaABAg,@wanderleijosedasilvajose7310,MANO SCRR AKKAAKAKAKAK,1,2026-02-24T22:50:57Z,0
Ugx5jx-kwoz_73KhX4x4AaABAg,@SocorroFreitas-w5c,😂😂😂😂😂😂😂😂😂😂😂,1,2026-02-24T22:50:43Z,0
UgzGF_AAL10wFlyrd3p4AaABAg,@joaolucaspaulino5800,Concordo com essa menina,1,2026-02-24T22:44:39Z,0
UgwXH05oU3gXA6sLjKl4AaABAg,@Edu27official,Traumatismo Ucrâniano,1,2026-02-24T22:43:55Z,1
UgyaxGCKaX2OgZmatK54AaABAg,@Mirella-f2j,😂😂😂😂😂😂😂😂😂😂😂😂😂😂😂😂😂😂😂😂😂😂😂😂😂😂😂😂😂😂😂😂😂😂😂😂😂😂,0,2026-02-24T22:41:31Z,0
UgwowvImQVnOQlOy7bt4AaABAg,@Mirella-f2j,😂😂😂😂😂😂😂😂😂😂😂😂😂😂😂😂😂😂😂😂😂😂😂😂😂😂😂😂😂😂😂😂😂😂😂😂😂😂❤😂,0,2026-02-24T22:41:31Z,0
UgwebuKW1JbUVdUErEN4AaABAg,@vivi_esuasaventuras,Ah eu já levei um monte de bolada na cara e eu tbm já caí de cabeça no chão no piso,0,2026-02-24T22:40:45Z,0
UgxebWjxQraXH7NL9dB4AaABAg,@AliceVitória-p9r,MEU MANO JC KKKK AMO QUAL ELE FALA ISSO KKKK,1,2026-02-24T22:39:32Z,0
UgwZQiVvgs5TcoqSyuZ4AaABAg,@Jonatas-w9j,Pug pesquisar Capitão pitomba,0,2026-02-24T22:38:07Z,0
UgzZCGuzKZRik-Y7WrJ4AaABAg,@fofa_k1,Oiiii❤,0,2026-02-24T22:38:06Z,0
Ugwn3G-tuMK3yf_fFRZ4AaABAg,@wellidajordany7078,"""essa menina é a pura pescotapa da pura pescotapia""kkkkkkkk me quebrou kkkk😂😂😂",0,2026-02-24T22:34:20Z,0
UgzPBVK-4tqQJ1NK5uR4AaABAg,@Pedro_ttk-sg2,😂😂😂,0,2026-02-24T22:30:45Z,0
UgyfEtJcgOtVVesBexh4AaABAg,@youtubsandracristina,""" AaaaaaaAAaaaaaa o puquizitoooooooo"" kaakakakakakakamamakamamakkakakaka",1,2026-02-24T22:30:33Z,0
UgybMbHBM7MeuWmc4Yt4AaABAg,@Vitoria-d7j1x,Quando ela crescer e tiver um filho ou uma filha a criança vai te traumatismo da própria mãe,0,2026-02-24T22:30:18Z,0
UgyzLJaKk0kzRL0qFJF4AaABAg,@Geisine,😂😂😂😂😂😂😂😂😅,0,2026-02-24T22:26:12Z,0
UgxR1U7ttCjZcdY9oEF4AaABAg,@renildadasilvapereira3302,Pecostapia😂😂😂😂KAKAKAKKAKAKAKAKKAK vou lembrar disso pra sempre 😂😂,0,2026-02-24T22:24:00Z,0
Ugx29lLEcKTf_5debTh4AaABAg,@MINEIRO_777,Punkzito segue uma escrita minha tô passada tô chocada,0,2026-02-24T22:18:23Z,0
UgzA-Xg7hYllBKGic8p4AaABAg,@mariselmavieira6800,Destruidora de lares 2.0 chegou,0,2026-02-24T22:17:26Z,0
UgydQTwR7PXlYJ-9__R4AaABAg,@BrayanCaique-i8e7f,Kkkkkk,0,2026-02-24T22:17:07Z,0
Ugwp-1Smshm1rU6sZbl4AaABAg,@AntonietaRodrigues-y1o,❤❤❤,0,2026-02-24T22:15:17Z,0
UgwhT5Pc9bCCfocyl1F4AaABAg,@GabrielRestelloFigueiró,Jkkkk😂😂,0,2026-02-24T22:15:05Z,0
UgypGSb_rUlYnLLa5iZ4AaABAg,@EditeAdamcheski,Faz lendo comentários por favor ❤️😊,0,2026-02-24T22:12:25Z,0
UgyTWkraKchyp_43qH54AaABAg,@EditeAdamcheski,Kakkakakakak essa sim foi a q emventou 😂😂😂😂😂😂😂😂😂😂😂😂😂😂😂😂😂😂😂😂😂😂😂😂😂😂,0,2026-02-24T22:12:14Z,0
Ugxyts6iqsmrGxgcdMJ4AaABAg,@LuzineideAlves-t7m7u,Puck:eu to normal até hoji. E vendade ele tá normal.. 👍,0,2026-02-24T22:09:39Z,0
Ugy10455Df66aqvaN794AaABAg,@daniloguedes-z7w,😮😮 jesus Cristo,0,2026-02-24T22:09:34Z,0
UgwGHQ_Vu-WtgXKnh254AaABAg,@DalvaFigueiredo-r8k,Zé gato é mais famoso do que o puck!!!!,1,2026-02-24T22:05:55Z,0
UgzjajY8wuqeEcaV4aZ4AaABAg,@KizzyXavier,Kkkkkkkkkk,0,2026-02-24T22:05:42Z,0
UgzWFOrlzMUF8UvfyHd4AaABAg,@DalvaFigueiredo-r8k,Traumatismo... Trauma,1,2026-02-24T22:04:57Z,0
Ugwn5VMpPHE_fhoRkit4AaABAg,@Multijogos-v2v,Olk cara.......,0,2026-02-24T22:00:24Z,0
UgyInYl2r4oE5xuatld4AaABAg,@wedeglacyfeitosa1747,Eu,0,2026-02-24T21:58:52Z,0
UgyIgtWsnj1gpZdnZyp4AaABAg,@AnaClara-u3r4y,Enfia a dois iates no pescoço e voa,0,2026-02-24T21:57:58Z,0
Ugwj71EepfnVfXcoCpF4AaABAg,@valquiriadonascimento5803,e o seu vai ser craniano,0,2026-02-24T21:56:47Z,0
UgxwaJ55O9ITNN_F01t4AaABAg,@Jean-k6u8j,Trauma,0,2026-02-24T21:53:52Z,0
UgxADoS4xtI8NV8C6u94AaABAg,@MariliaCristina-ho5lc,"😂😂😂😂,,😂😂😂😂😂😂😂😂😂😂😂😂😂😂😂😂😂😂😂😂😂😂😂😂😮😂😂😂😂😂😂😂😂",0,2026-02-24T21:52:13Z,0
Ugwmk9sHOjjvKDMCX654AaABAg,@benja_244_edit,Que dia 1 tentando ser famoso pelos comentários,0,2026-02-24T21:47:24Z,0
UgxWEqsu09d5rfEd_oJ4AaABAg,@starry_k-tuber,"""Ent vc vai ter um traumatismo craniano👹👺💣💥""",0,2026-02-24T21:47:13Z,0
UgyS9kmErftOYNkavDd4AaABAg,@jordaniamarques2023,O quarto de eu tava vendendo a Carniça- '_',0,2026-02-24T21:44:50Z,0
UgxCA0omo2CbOe7ZB5N4AaABAg,@pegasussol,O puck assim 😮,0,2026-02-24T21:40:26Z,0
UgyFE1KpN5xjBn9na_B4AaABAg,@BeatrizOliveira-l4q,Eu tenho e o ventilador não me pergunte porque,1,2026-02-24T21:36:08Z,1
Ugweny4kTEfGNL28Ggh4AaABAg,@Anaclaudia011,Eu já tive um traumatismo crânio 😊😊😊😊❤,0,2026-02-24T21:32:54Z,0
Ugw1VpcKCK-V_nyaK514AaABAg,@valterguzella2250,❤,0,2026-02-24T21:31:33Z,0
Ugx9ihf-_96TwAgnZ9p4AaABAg,@enzodias25,"puckzito se percebeu que o Pitomba tá crescendo, vai se triste né quando ele parar de falar cajaaaaaauuu",0,2026-02-24T21:31:32Z,0
Ugw_dpIXnLM4mSstxVN4AaABAg,@Alessandro-lm1yi,Eu tenho peguei penisiti grau 4  😢,0,2026-02-24T21:30:14Z,0
UgwzXwaokZWgX7zqYd94AaABAg,@ReginaGoufinho,Kkkkkkkkkkkk😂😂😂😂😂,0,2026-02-24T21:30:10Z,0
Ugy5ruZe2k_Xx9k6MT54AaABAg,@isaacoliveiradesousa4877,O meu foi quando eu torci meu pé 🤟,0,2026-02-24T21:30:04Z,0
UgzuQkhGb3Q-7pTjg4t4AaABAg,@BeatrizFreitas-l6u,😅EU XALE FEO PA BOLA DA DE  OMA BOLA,0,2026-02-24T21:23:41Z,0
Ugz8DR1mYKeNwMabLch4AaABAg,@marialins2329,"😂😂😂😂😂😂😂😂😂😂😂😂😂😂
Kkkkkkkkkkkkkkkkkkkkkkkkkkkkkkkkkkkkk",0,2026-02-24T21:23:02Z,0
Ugwb0CuA5PML4M9JcEd4AaABAg,@rosianepereira6459,🤨🤔🥲🤦‍♂️🤦‍♂️,0,2026-02-24T21:21:29Z,0
UgypksziPDRoiQAWhPd4AaABAg,@aguacate12-k6d,"""eu...eu dei um mortal com melancia na cabeça...""🥀💔",0,2026-02-24T21:18:07Z,0
UgxLWG83PYmuEaNCTXR4AaABAg,@Joãobranco2014,Puckzito: tutorial de como dar 3 mortal com melancia na cabeça😊😊,0,2026-02-24T21:14:38Z,0
Ugxp96igDQa4DJ2GGnB4AaABAg,@PriOliveira-hf4nz,Minotaaaaaaaa porfavor,0,2026-02-24T21:13:36Z,0
UgyL1OdwfoB481ea3154AaABAg,@biancalima2608,Ucranianokkkkkk,0,2026-02-24T21:09:49Z,0
UgzBVGXZmkL2lJ179Rh4AaABAg,@EdsonOliveira-b7h,😅😂,0,2026-02-24T21:06:53Z,0
UgwNRNjXj4h8fVTpJcF4AaABAg,@Heloisa-e1x7j,😂😁😁😵😵,0,2026-02-24T21:05:20Z,0
UgxSK9q2EXkr1maJNg14AaABAg,@vcseeu2057,😂❤🎉😢😂😂😂🎉😂😂😂🎉😂😂😂🎉❤😂😂😂,0,2026-02-24T20:56:18Z,0
UgxGconnXuIhGsZYkiF4AaABAg,@IvanildaElvira-u8d,Quero joga roblox com tu mas n tenho chat,0,2026-02-24T20:48:56Z,0
Ugw5d8QOK1BDgSJFJXR4AaABAg,@geovanehenriquedeoliveira8134,Tadinha da boneca kkk😂😂😂😂,1,2026-02-24T20:47:57Z,0
Ugyj1DWx2E7IzbOG-914AaABAg,@Poppy-RP_yay,Foi assim q o protótipo me largou na mesa de chá-😔💅,0,2026-02-24T20:47:38Z,0
UgyaN7iMoAkrM2Pjn4F4AaABAg,@IsaacAlves-o9w,😂😂😂😂,0,2026-02-24T20:46:37Z,0
UgzG4mzUygxnPobXoAN4AaABAg,@doidademaisakakakakak,Oi puck tudo bem? Por favor lê esse comentário eu acho que meu gato morreu pode deixar um descanse em paz sushi pra ele por favor?,0,2026-02-24T20:46:03Z,0
UgyflbIAE15w9byIB1V4AaABAg,@Kauaribeiro2018,Eita preula,0,2026-02-24T20:44:34Z,0
Ugz3M3_wA7FF_vgkLB94AaABAg,@SilviaPeres-w2x,Traumatismu,0,2026-02-24T20:40:01Z,0
UgyoF-sK5me9aQoJupF4AaABAg,@crecendocomalicekkk,"K,kk",0,2026-02-24T20:38:01Z,0
UgyzYplUU0wpU5RCahZ4AaABAg,@adrianaaparecida-d9s,😂😂😂😂😂É de 😂😂😂😂😂😂😂😂😂😂😂😂😂😂😂😂😂😂😂😂😂😂😂😂😂😂😂😂😂😂😂😂😂😂😂😂😂😂😂😂😂😂😂😂😂😂,0,2026-02-24T20:37:33Z,0
UgyyAUE1i-wBN9opiKB4AaABAg,@SofiaGabriela-l2w,Traumatimos kkk oxi🤨🤨🤨😐 o puck me quebra,0,2026-02-24T20:36:21Z,0
Ugy5WouGIv2zUAmVx954AaABAg,@Joaolucca2017,"Ah uma vez eu tomei uma bolada na cara mas eu acho que eu tô normal até hoje o efeito da bolada é o tourette



Então o seu vai ser craniano",0,2026-02-24T20:35:18Z,0
UgzXsGyFrY0jOLtF0tt4AaABAg,@Patríciasantos-e1v,Perdeu o bv com a bola😂😂😂😂😂😂😂😂😂😂😂😂,0,2026-02-24T20:32:10Z,0
Ugy6lGVMZ0eXbrSSvS14AaABAg,@joaosantiago5199,O traumatismo que ela quer é uma voadora🤣,0,2026-02-24T20:32:05Z,0
Ugz4XGaOLu4N8RAHWTF4AaABAg,@SamuelMachado-o3k,Eu quase morri,0,2026-02-24T20:24:18Z,0
UgxYhNx9p9G7glbVHYd4AaABAg,@EdgarRodriguesLobato,Puck me nota hoje é meu aniversário,0,2026-02-24T20:24:12Z,0
UgwifHOlCb3-fAR62ih4AaABAg,@KarolFerreira-el7tw,A filha dela eu quero ter um traumatismo e ela vai ser craniano,0,2026-02-24T20:22:47Z,0
UgzDq8riAJAl_tEOS_F4AaABAg,@HeloisaMartinsLuz,Mano pela *então o seu vai ser craniano *KALAKALAKAKAKAKAKAKA,0,2026-02-24T20:13:03Z,0
UgyOoEq6XIW345tKy5d4AaABAg,@VictorSilva-trezinhos,Reaja destruidora de lares,0,2026-02-24T19:52:23Z,0
UgxGYic2B_pbWT9htxh4AaABAg,@emillyzinhaa244,A irma da destruidora de lares kakakk,0,2026-02-24T19:48:41Z,0
UgzExlf6ww6FlagQXNx4AaABAg,@uelesmartinsdesousa3565,Loca,0,2026-02-24T19:47:37Z,0
UgyynYH4Wbvy8xMWPIJ4AaABAg,@Silvia-748,Se eu tivesse uma filha eu ia tratar ela desse kkkkkkkkk eu te adoro mano assisto todos os seus vídeos,0,2026-02-24T19:38:47Z,0
Ugw4hCN5aZMxxgkQ-CB4AaABAg,@DogGamer_2313,Ucrânia dps da guerra vai ter um traumatismo ucraniano literalmente kkkkkk,0,2026-02-24T19:36:39Z,0
UgytVryuWk4_xu3QXN14AaABAg,@arquivopentecostal,Eu tenho uma boneca com esse mesmo rosto,0,2026-02-24T19:35:14Z,0
UgxQi_Zxr2Qnz7JaK2h4AaABAg,@VivianeFerreirafraga,Se oh puckzito me fixar eu vou lavar a privada 🚽 cagada 😂😂,0,2026-02-24T19:33:04Z,0
UgweZ_NVFi-qsqWZC5h4AaABAg,@CorporativoRondobras,Até eu fiquei kkkk,0,2026-02-24T19:30:20Z,0
Ugy9EiOEDrt586Al7wJ4AaABAg,@GustavoTiM-Gamer,Traumatismo Cagariano😂,1,2026-02-24T19:22:34Z,0
Ugye7SOs0fuL0PlZjvh4AaABAg,@JannylsonSilva,Puckzito manda um celular pro pitonba,0,2026-02-24T19:21:00Z,0
UgyW_WrhIM5seAGgD6V4AaABAg,@oliviaferreira1980,Vai inventa de dar mais um mortal😂😂😂😂😂,0,2026-02-24T19:20:02Z,0
Ugy4vSUIY-GQRpWQ77Z4AaABAg,@cabecadebomba9801,Kkkkkkkkkkkkkkkkkkkkkkkkk kkkkkkkkkkk kkkkkkkkkkk Kkkkkkkkkkk Kkkkkkkkkkk Kkkkkkkkkkkkkkkkkkkkkkkkk kkkkkkkkkkk kkkkkkkkkkk Kkkkkkkkkkk Kk,0,2026-02-24T19:17:48Z,0
Ugx0BXJucvNHxeARHix4AaABAg,@LetíciaSá-g1v,"Eu tenho trauma de aves, aí meus amigos quando aparece um pássaro na escola eles começam a tentar pegar um pássaro pra eu ficar ainda com mais medo",0,2026-02-24T19:10:53Z,0
UgxH0XrVllkpCgF4eO54AaABAg,@Lia_Gabriela-l7i,"Minina psicotapa mds kkkkkkkkkk
Depois ela vira emo e reclama kkkkk",0,2026-02-24T19:00:10Z,0
UgxNk1kKTqjklltd3Vl4AaABAg,@eevee-u8r,Meu Deus cara aconteceu a mesma coisa comigo um dia quando eu tava na quadra conversando com uma amiga minha sem querer um cara tacou a bola na minha cara😅 mas ainda bem que eu não chorei né,0,2026-02-24T18:58:54Z,0
UgzG9tSb7DBfBq12ygt4AaABAg,@gutovendramin,Mano eu já tive traumatismo craniano de bicicleta,1,2026-02-24T18:54:33Z,0
Ugy-T2lh47BA6BkHN_F4AaABAg,@VívianCerqueiraMonteiroCunha,GENTE,0,2026-02-24T18:46:32Z,0
UgxtlqERy0_9IiUQQbR4AaABAg,@shoyo._.cum.-M10J0,ACHEI Q ELA IA FALAR UCRANIANO,0,2026-02-24T18:39:18Z,0
UgyQosWfRrLj5xSvL8B4AaABAg,@sosoHonório4,Fiz figurinha *efeito da bolada*,0,2026-02-24T18:39:07Z,0
UgwdxxtZwssdL44lJXJ4AaABAg,@KethellynEloaSantos,Nossa o meu trauma é polícia kk,0,2026-02-24T18:38:31Z,0
UgyILYDv6nR3vNxB7TV4AaABAg,@LeciCordeirohorn,Kkkkkk,0,2026-02-24T18:29:00Z,0
UgwEayjfnS3pDoOWyhB4AaABAg,@CoolKid_forsakennn,Chegoei cedu🤓☝️,0,2026-02-24T18:28:28Z,0
UgwQUrOKqFcaX6LC1mp4AaABAg,@ElisangelaLima-et5im,Kkkkk A menina agora tá hospital kk,0,2026-02-24T18:16:58Z,0
UgwTlB39yjSF4ySDvQZ4AaABAg,@day_nighttrans,Cd a menina do parto indelicado?,0,2026-02-24T18:15:05Z,0
UgxZmicCDYpEsRqyFdZ4AaABAg,@SkinãoConvêniencia,Puckkkk sds,0,2026-02-24T18:11:24Z,0
UgyekyQWS1qbtZ-KjJ54AaABAg,@famíliaFelipe-f3f,Mãe maluca vai logo do traumatismo craniano na pessoaldiameupaul  ai ai ai ai,0,2026-02-24T18:07:04Z,0
UgzR_JJ8y5k_dl8q99h4AaABAg,@AldoMatos-q5h,Puck me nota sou muito seu fã por favor,0,2026-02-24T18:01:27Z,0
UgwpcnBXZgrkMirdnVZ4AaABAg,@Sofiadonato-h8z,*é disso mesmo que caps gosta*,0,2026-02-24T17:50:32Z,0
UgypPYYJcVhQHqXAEnp4AaABAg,@nathaliapiresdasilva4510,😂😂,0,2026-02-24T17:43:55Z,0
UgxoOa5mF4qRrWkl_3p4AaABAg,@NetoGomesDesouza,"Haai PUK, hoe gaan dit met jou?",0,2026-02-24T17:37:50Z,0
Ugx1b8ORULX5cwkNQi94AaABAg,@NetoGomesDesouza,Kkk,0,2026-02-24T17:36:19Z,0
UgwPhLdeYn3qIc2zTft4AaABAg,@NetoGomesDesouza,Bom bom bom bom bom bom bom bom,0,2026-02-24T17:36:13Z,0
Ugwx2KT1AQ-nI5ThzPJ4AaABAg,@NetoGomesDesouza,Tá tá tá tá tá tá tá,0,2026-02-24T17:36:04Z,0
UgwZGwwKs1RTMqHJU0N4AaABAg,@NetoGomesDesouza,Vou comentar um monte de coisa,0,2026-02-24T17:35:56Z,0
Ugx9N_ZRmvfYYK7UbQF4AaABAg,@NetoGomesDesouza,Tá bom,0,2026-02-24T17:35:50Z,0
UgwcD8RBzql4mLXXOjV4AaABAg,@NetoGomesDesouza,Não consegui fazer mas vou fazer de novo porque eu tô com preguiça 🦥,0,2026-02-24T17:35:42Z,0
UgwsG9ytOYoCO0rWYEh4AaABAg,@NetoGomesDesouza,"O PUK lembra do reagindo a vídeos engraçado de anões eu vou fazer a lista para você comprar um 

Anão russo 130 

Anão jogador um milhão",0,2026-02-24T17:34:32Z,0
Ugx1oIAxYSKykn9zgV14AaABAg,@Adelciene,Kkkkk,0,2026-02-24T17:33:40Z,0
UgxlE-UiBhEBKiJe_tF4AaABAg,@AlexandraMouraDaSilvaLemos,Os então foi a ser traumatismo craniano cremian meu Deus,0,2026-02-24T17:33:32Z,0
UgwyuJZR-twyOTFBw-t4AaABAg,@Toji_XZ3,A filha da minina do parto INdelicado,0,2026-02-24T17:25:18Z,0
UgyV4Igq6-yc7L60R-d4AaABAg,@jessicagoncalves3748,KKKKKKKKKKKKKKKKKKKKKKKKKKKKKKKKKKKKKKKKKKKKKKKKKKKKKKKKKKKKKKKKKKKKKKKKKKKKKKKKKKKKKKK,0,2026-02-24T17:23:03Z,0
Ugw6URXdsdAUHEXSXcJ4AaABAg,@fadasdasflores,"""o seu vai ser craniano😈""kkkkk😂",0,2026-02-24T17:19:44Z,0
UgzAMPwMBZJqvTi80FF4AaABAg,@DanielaAraújo-s7t,😂😂,0,2026-02-24T17:17:33Z,0
Ugz95bU_B10X_Exc4Qp4AaABAg,@ManuelaRosa-d3h5k,"""Só alegriaaaaa 😌🥰""",0,2026-02-24T17:13:23Z,0
UgwQRnj9Eaol86PkiEp4AaABAg,@camilafseemann,Eu tenho 1 boneca igual,0,2026-02-24T17:08:49Z,0
UgyhKCYBztXB3Jj_oFB4AaABAg,@zina_nezuko,𝕂𝕜𝕜𝕜𝕜𝕜𝕜𝕜𝕜😂𝕜𝕤𝕜𝕤𝕜𝕤𝕜𝕤𝕜𝕤😂,0,2026-02-24T17:03:38Z,0
UgxprXQ5n9_GdCidW414AaABAg,@Henrylopes09,❤,0,2026-02-24T16:59:06Z,0
Ugz3hdGh7ra43MxDgGR4AaABAg,@Fairy_Isabela-o3v,""" 😨GENTE*KSKSKSKSK",1,2026-02-24T16:54:56Z,0
UgzKI5yi4eRnB-VjWsV4AaABAg,@lucasmedrado2748,Oi puckzito como se tá????????? HEIN???? HEIN????? EU VOU MANDAR O MEU AMIGO CALANGO TRANSPARENTE TE MORRER,0,2026-02-24T16:54:19Z,0
UgxXmCpSznMXcLoHaoR4AaABAg,@NaldoTeixeira-v7x,Oi meu aniversário foi ontem me nota sou sua fã gosto do seus vídeos amo você me nota estou na conta do meu pai puriso  meu nome é Daphne por favor me notaaaaaa 🎉🎉🎉🎉🎉,0,2026-02-24T16:49:39Z,0
Ugx815HjVKlRZrGxGXB4AaABAg,@ClaraSousa-n4o6i,O meu quando eu era bebê caiu um Ponte de feijão congelado na minha cabeça 😅,0,2026-02-24T16:48:20Z,0
UgydkQclhXh0xsX7dPx4AaABAg,@pineapleeeeee,Essas meninas de hoje são estranhas,1,2026-02-24T16:37:46Z,0
UgxzIuHFwX9N6tJAyyZ4AaABAg,@Cecilia-n2f9c,😂😂😂😂😂😂😂😂😂😂😂😂😂😂😂,0,2026-02-24T16:35:46Z,0
Ugx7Dzr0BvUddLTb89F4AaABAg,@MarinaraMatosleal,"Eu sou muito sua fã puckzito eu sou muito fã  
Eu gosto muitoooooooooo dele os videos sam muito muito engraçados 😂😂😂😂😂😂😂😂😂😂😂😂😂😂😂😂😂😂😂😂😂😂😂😅😅😅😅😅😅😅😅😅😂😂😂❤❤❤❤❤❤❤❤❤❤❤❤❤❤❤❤❤❤❤❤❤❤❤❤❤❤❤❤❤❤❤❤❤❤❤❤❤❤",0,2026-02-24T16:32:55Z,0
Ugy4uhVSX35PZIxuSJR4AaABAg,@VeraLuciaSousa-ft9bi,😂😂😂😂😂😂😂😂😂🎉🎉🎉🎉,0,2026-02-24T16:27:08Z,0
UgydFcp-JxUKFLz28cV4AaABAg,@Ariadne-135,é eu levei na minha cabeça um bolada que me levou até ó potal mais eu aita tô viva,0,2026-02-24T16:19:45Z,0
UgzkHWHvMuae4UjrttV4AaABAg,@deriksuiles7502,Até o CAPS ficou com medo dessa guria,0,2026-02-24T16:13:42Z,0
UgxgtFBa0O934Bage8d4AaABAg,@victortavaresdeborba,"a voz dessa  menina fez eu me lembrar da destruidora de lares
kkkkkkkkkkkkkkk",0,2026-02-24T16:10:04Z,0
UgyvLw9YFdfARBIM3FF4AaABAg,@Itall244,😂😂,0,2026-02-24T16:09:57Z,0
UgxYTfbJrc8yyNJ4vZt4AaABAg,@ThiagoThiagouewerton,❤❤❤,0,2026-02-24T16:09:51Z,0
UgzyV1XJDowfUg22AAl4AaABAg,@paulinatoledoibarra9648,"😂😂""😮😮 é o tourette quer quero então o seu vai ser o ucraniano 😮😮😮 gente!""",0,2026-02-24T16:04:45Z,0
UgwgNLqORrytC8V-ZJl4AaABAg,@ThaisMiranda-v6p,"""😮😮😮😮😮GENTIIH...ESSA MENINA E A PROPRIA PESCOTAPA DA PURA PESCOTAPIA,TA AMARRADO EM NOME DO MANO JC"" KAKAKAKAKAKAKAKA nn tankei",1,2026-02-24T15:58:03Z,0
Ugyg5s9WPLUWqhAmNxV4AaABAg,@Xanin_fofin,o pessoal gosta tanto do puckzito q nem percebem q foi repost,0,2026-02-24T15:52:01Z,0
UgxszVXcKHm12q8cMsp4AaABAg,@pedrux40,Criança tem criatividade kaka,0,2026-02-24T15:51:42Z,0
UgwSrTc9M9OsZOoenEh4AaABAg,@Titia_Juju267,Então vai ter seu craniano”Akakkakakakkaka rachei akkakakakkakakkkakakak,0,2026-02-24T15:51:32Z,0
UgwNRaKqqN7dP51zjv94AaABAg,@Xanin_fofin,é repost?,0,2026-02-24T15:51:14Z,0
Ugyj6mg7f0Lz8iRN--F4AaABAg,@fabriciosophia9460,O puck. Sendo o puck,0,2026-02-24T15:44:00Z,0
UgxmzFpmah1ORi34HBR4AaABAg,@manu-g8290,Kk,0,2026-02-24T15:37:37Z,0
UgxPF6qBqeUCfSR3lUN4AaABAg,@deboranunesRS,Oi,0,2026-02-24T15:33:56Z,0
Ugx1uTL036Tt7YLyRt14AaABAg,@tatianemoraes759,"""então você vai ser craniano 🔪"" akakakakakakak",4,2026-02-24T15:33:03Z,0
UgxDZth1_FPYfcTxFmh4AaABAg,@João123-d6n,Se o puck comentar no meu comentário....EU VOU VAZA O GTA 6 COMPLETO COM O MOD DO SONIC-,0,2026-02-24T15:28:36Z,0
Ugz2A6DFgm0pwGfAVup4AaABAg,@MariaAlice-bd3nu,Eu ja vi esse videooo,0,2026-02-24T15:27:02Z,0
UgzR9SqwWeZmdM89kKh4AaABAg,@Itz_Whitezin120,Oi,0,2026-02-24T15:26:37Z,0
UgytVMz_vX4oiICM55V4AaABAg,@ManuelaSILVEIRA-u6k,"Puck posta mais vídeo vc só tá postando em 2 em dois dia , eu quero rir todos os dia também 😅❤",0,2026-02-24T15:25:32Z,0
UgyUa7I9HHzWG4_bOhJ4AaABAg,@heleninhavalandro,Meu primo também é esse teu uma bolada na cara 😫,0,2026-02-24T15:23:03Z,0
UgzJcuuDOxGpuwr3JDZ4AaABAg,@juninho-f1n,"Aí eu falei: quer 🙄
Ela falou: quero🥰
Ai eu falei: então o seu vai ser craniano 🙄😁💀",0,2026-02-24T15:21:32Z,0
Ugx6wZRSvAG5F5P16Z94AaABAg,@LaraPaes-e6l,Gente a boneca da tudo bem . ELA SO QUEBROU DOIS CRÂNIOS SABER.,0,2026-02-24T15:11:41Z,0
Ugxrk9K0dDJKLHzvccp4AaABAg,@EmanuellysophiaSoaresVasconcel,Puckzito assisti uns dos meus vídeos 😢,1,2026-02-24T15:02:37Z,0
Ugx2b8sAQ0MmdR36XhV4AaABAg,@laurasaltaleggiosantella,Kakak❤😂,0,2026-02-24T15:00:52Z,0
UgwgcQ3aSl7o4fU8D_t4AaABAg,@DayannaAksackidacosta,"Eu tenho trauma de escada 




Porque quando eu tinha 2 anos eu cai da escada e eu tive que ir pro hospital agora eu tenho uma marca na minha testa e todo mundo me pergunta oque que e:>",0,2026-02-24T15:00:19Z,0
Ugxyi3tB6J0BhVAHyyl4AaABAg,@isabelbarbosa-z7e,KAKAKAKA,0,2026-02-24T14:59:15Z,0
UgwuhsQvA9_w0JWIE6V4AaABAg,@JOÃOPEDRODASEDITS,Opa,0,2026-02-24T14:57:44Z,0
UgzrELFFBADFIIPNJu54AaABAg,@Vera.Bertacini,Puckzito estamos kits também levei uma bolada na cara,0,2026-02-24T14:54:00Z,0
UgwhcjzpJrBrS13mi_F4AaABAg,@JulioSilva-g6u,Eu🎉🎉🎉🎉🎉🎉🎉🎉🎉🎉🎉🎉🎉🎉🎉😂😂😂😂😂😂😂😂😂😂😂😂😂😂,0,2026-02-24T14:53:46Z,0
UgwcWviNP3RpVF-5uu94AaABAg,@umabananananica,Tá bem normal o ouço hoje em dia graças a deus parou de ser molestado melhorou 😢,0,2026-02-24T14:46:09Z,0
UgywqqHrubrOFdoPcs14AaABAg,@fã_da_leticia-f5z,"PPPPPP
P.         P
P.        P
PPPPP
P
P
P
Puckzito😅❤🎉",0,2026-02-24T14:44:29Z,0
UgzFFTJ6yB-dsvfqKll4AaABAg,@Yumi_Otakus,Ontem mesmo eu levei uma bolada na cara 😃,0,2026-02-24T14:36:22Z,0
UgzS38jA9cyUPT1aHo54AaABAg,@MoacirNeto-yk8bk,🤣🤣🤣🤣 o meu é de chinelo cinema comentário do Hungria kkk estimativa foi de 2 anos,0,2026-02-24T14:24:46Z,0
UgxwMtVXxEylk2GgjVl4AaABAg,@leuzioliveira3477,"""tá amarrado do nome do mano JC🤨👹👁️👄👁️💅"" KAKAKAKAKAK",1,2026-02-24T14:20:33Z,0
UgyNhKUTw2LE39cLXNF4AaABAg,@maariah3210,Eu tenho um bebê igual dessa,0,2026-02-24T14:12:25Z,0
Ugyh1VD4dLgfFq5hiSp4AaABAg,@ReginaPaiva-i2k,Se o puckzito me fixar eu lavo a louça com sabão de chernobyl,0,2026-02-24T14:00:07Z,0
UgwQ08NcL1y18X4rGJ54AaABAg,@Stopmotion-c3x,Joga shotgum farme,0,2026-02-24T13:57:17Z,0
Ugw7VUTHdbPly7ddich4AaABAg,@reidelas-y7m,😮 o número que comentárioa e 666,0,2026-02-24T13:54:25Z,0
UgwELyehqEbeA5vuwo14AaABAg,@ArthurFiray,Pockzito por favor me dá salve meu sonho 😊😊😊❤❤❤❤,0,2026-02-24T13:52:56Z,0
Ugzh_7UNOuPYMz8S1nR4AaABAg,@LuanaBragalima,"Puck , vamos fazer o negócio lendo comentários, aqui o meu vc é minha risada ,meu AMIGÃO,meu amor da vida, sempre vai me apoiar nos dias mais difíceis ❤. Espero que vc fazer isto de novo ❤",0,2026-02-24T13:51:59Z,0
UgyUwh9x_2mJES3tfmR4AaABAg,@LucasHenrique-d6w,Traumastismo. Ent o seu vai ser cranianio,0,2026-02-24T13:47:12Z,0
UgwDXo_C3RJBAvmG3Ep4AaABAg,@Tata-h2n4u,Eu quando deixava a boneca cair do carrinho,0,2026-02-24T13:46:45Z,0
UgzPUYTPOU_j9ludip14AaABAg,@merianefranca,Deu para perceber que ela é uma ótima mãe e bem delicada bem e bem calminha❤❤❤❤,0,2026-02-24T13:44:37Z,0
UgwIO3uWoDcw6PG9jiF4AaABAg,@AnaLuizaFelipeDaSilva-v6m,Rezem por mim hoje eu tenho prova 🧾🙃😶‍🌫️😶,0,2026-02-24T13:43:41Z,0
UgxDNKkXBJKlTBiRr0Z4AaABAg,@Blackoutz-b6y,Minha aluna,0,2026-02-24T13:42:56Z,0
Ugx5lhdiIFyucIFbpBt4AaABAg,@LeandroConstantino-g5b,Você não quer entrar traumatismo então vai ser ucraniano,0,2026-02-24T13:40:29Z,0
Ugw7rA2XxARnJ_mADh54AaABAg,@c00lkidd10omasfeliz,Kkkkkk  já aconteceu isso comigo e tô de boa,1,2026-02-24T13:39:34Z,0
UgwX-Nc23vgcOz7uLnN4AaABAg,@AnaSofiaCarmoOliveiraSantos,Gente😮 essa menina é a pura pescotapa da pura pescotapia 😮 tá amarrado em nome do mano JC💥,0,2026-02-24T13:37:54Z,0
UgwvvT_SzpNfiDOm6tR4AaABAg,@RaniaRitaVenturaMenesesSilva,Minha bateria está67😮😅,0,2026-02-24T13:31:02Z,0
UgyV94hed-5EvgAJedB4AaABAg,@DavidBitencourtdeSousa,😂😂,0,2026-02-24T13:29:52Z,0
Ugx1Bh6ybe_h1hFxH1d4AaABAg,@elizeucruz2042,Eu já tomei uma bolada no olho,0,2026-02-24T13:26:25Z,0
Ugwh0AiM7VfpiS2HBWt4AaABAg,@juxys34,Traumatismo oxi kkkkk,0,2026-02-24T13:25:19Z,0
UgxVgKfFdVsGSTOJ-cZ4AaABAg,@emersonaparecidoferreira575,😅😅,0,2026-02-24T13:25:09Z,0
Ugw9ZKy1sW_T7cJjbIl4AaABAg,@anapaulasantos5410,Puck vou tá com os react do pitomba,0,2026-02-24T13:24:18Z,0
Ugz4Vq0IdOC5na2ETEx4AaABAg,@MayaraSantos-j4z,Kkkkkkkkk quem gosta do puck,0,2026-02-24T13:11:14Z,0
Ugy1wFZNil9q903Msrl4AaABAg,@MariaReginaCardoso-yd9xk,Que mãe desnaturada é essa joga menina no chão Credo tá amarrado É o próprio demônio dessa menina,0,2026-02-24T13:10:47Z,0
UgxJPmBElyLtVnhJpkV4AaABAg,@IngridtatianeRibeirodossantos,😅😅😅kk(kkkkkkkk(km(kk,0,2026-02-24T13:10:47Z,0
UgzJ_SzRVhnAnHyA0vx4AaABAg,@nezukokamado-n2,"""Então o seu vai se craniano 💀""",0,2026-02-24T13:06:08Z,0
UgzJF6M_t4QWBxSLUtF4AaABAg,@DaviAmaroVentura,O traumatismo que mais me deixa traumatizado foi que eu achei no caça-palavra cu,0,2026-02-24T13:05:04Z,0
UgxSJ9XH8IkdTn8rJFF4AaABAg,@AgnesLaranjeira,Traumatismo?ahhhhh uma vez eu tomei uma bolada na cara mas eu to normal ate hoje !!ihhh é o tourrette😂😂😂😂😂😂😂😂😂😂😂😂😂😂😂😂😂😂😂😂,0,2026-02-24T13:04:35Z,0
Ugxj_yYr7f9ss7UKKA54AaABAg,@Sushizinho.da.Katlen,KAKAKAKA,0,2026-02-24T13:03:36Z,0
UgwN53w2JA2FOJhb3454AaABAg,@LaraBeatrissy-t7m,"Puckzin reage a uma mulher que fala vc ""tu tá estruindo é e bem engraçado por favor 😊",0,2026-02-24T12:55:29Z,0
UgzhvjL63whgGHmsdB14AaABAg,@Sara-v9h9f,Então o seu vai ser  ucraniano kkkkkkk,0,2026-02-24T12:54:14Z,0
UgwPyO9sCI6N1p7xGGt4AaABAg,@AdrianaSantos-y3s,Me der uma bolada na escola minha mãe ficou doendo por horas que os meninos do quinto ano não sabem que lá não tem quadra tem gente ficaram longe do negócio ninguém nem liga para lá só as meninas do quinto ano que ficam falar isso aconteceu quando eu tava no terceiro ano,0,2026-02-24T12:44:38Z,0
UgzsJHjAXKoSVsqvtVx4AaABAg,@LorenaSousa-s8c,"Uma vez quando eu tinha 4 anos eu fui atropelada pela uma moto, mas eu resisti e só machuquei o fremo.",0,2026-02-24T12:43:21Z,0
UgxqlO91EyTnm_waRid4AaABAg,@DaviTavaresRodrigues-if1mr,Euuuu,0,2026-02-24T12:40:22Z,0
UgxF-w-REAsKdaTy8654AaABAg,@PrazerTomshope,Creniano💅💀☠️🙏🗿😭,0,2026-02-24T12:35:25Z,0
Ugyo4GOBCNerdsazf7t4AaABAg,@katiamorais5917,😂😂,0,2026-02-24T12:21:56Z,0
UgyYeJkPtgtOuoZxmWl4AaABAg,@deivesjunioroficial,"Puck n fala ""em nome do mano JC"" q ai vc tá zombando de Jesus",0,2026-02-24T12:05:55Z,0
UgygL0QiOqt6WqqAhLJ4AaABAg,@lili-e-sua-boneca,Eu também  já tomei 3 BOLADAS NA.CARA,0,2026-02-24T12:02:32Z,0
UgwUqPWwBW4fdyD6b_d4AaABAg,@RobsonAquino-c4c,Coitada na menina porque botaram no chão kkkkkkk que a menina morre kkkkkkkkkkkkkkkkkkkkkkkkkkkkkk 💀💀💀,0,2026-02-24T11:56:09Z,0
UgzJlUxbMxxQcAe3rX94AaABAg,@mariaeduarda_duda6556,Gente ATE MINHA PROFESSORA DE PORTUGUÊS CONHECE O PUCKZITO MN KKKKK,0,2026-02-24T11:49:52Z,0
UgyxLxAGdQ8563UN_7V4AaABAg,@GilmaraNogueiradeMouraNogueira,Kakaakakkakakaka amo assistir o puckzito❤,0,2026-02-24T11:49:10Z,0
Ugx-5jJAzVRADYuUCXB4AaABAg,@niconas_itz,chegei cedo,0,2026-02-24T11:49:06Z,0
UgwbgpaL5DcaP1EDw0V4AaABAg,@LiviaAstrinha,Kkkkk a cria caiu no chão mds kkkkk,0,2026-02-24T11:35:45Z,0
UgwrZ-jeXR629aAnkHp4AaABAg,@valdirenealves165,😅,0,2026-02-24T11:33:22Z,0
UgyNm_hqkZLQj4wOlul4AaABAg,@FranciscodeAssisRodrigue-ke1zg,Kkkk quando ela falou traumatismo craniano até minha barriga rriu,0,2026-02-24T11:19:32Z,0
Ugxa7hZtO65eNdWdIhB4AaABAg,@SheilaFelix-e2c,tramatismoooo ai não  da kkkkkkkkk,0,2026-02-24T11:14:28Z,0
Ugwfm8jrJmVgrSO7zQp4AaABAg,@DaianeGodoy-x8p2g,😭😦😧😨😩🤯😬😰😱😳🤪😵😡😠🤬😇🤠🤡🤥🤫🤭🧐😷🤒🤕🤢🤮🤭🤧😈👿👹👺💀☠️👻👽👾🤖💩😺😸😸😹😻😼🙀😽😿😾🙈🙉🙊👦👧👨👨👩🧓👴👵👶👼🧒🧑👨‍⚕️👩‍⚕️👨‍🎓👩‍🎓👨‍🏫👩‍🏫👨‍⚖️👩‍⚖️👨‍🌾👩‍🌾👨‍🍳👩‍🍳👨‍🔧👩‍🔧👨‍🏭👩‍🏭👨‍💼👩‍💼👨‍🔬👩‍🔬👨‍💻👩‍💻👩‍🚀💂‍♂️👱‍♂️👩‍🎤👨‍🚒💂‍♀️👱‍♀️👨‍🎨👩‍🚒👷‍♂️👷‍♂️👩‍🎨👮‍♂️🤶👷‍♀️👨‍✈️👮‍♀️🧙‍♂️👳‍♂️👩‍✈️🕵️‍♂️👳‍♀️🧙‍♀️👨‍🚀🕵️‍♀️🧔🧚‍♂️🧟‍♀️🧟‍♂️👰🙎‍♂️🤰🙎‍♀️💁‍♀️🙋‍♂️🙋‍♀️🙇‍♂️🙇‍♀️🤦‍♂️🤷‍♂️🤷‍♀️💆‍♂️💆‍♀️💇‍♂️💇‍♀️🚶‍♂️🚶‍♀️🏃‍♂️🕺🏃‍♀️💃👯‍♂️👯‍♀️🧖‍♀️🧖‍♂️🕴🗣👤👥👫👬👭💏💑👪👨‍👩‍👧👨‍👩‍👧‍👦👨‍👩‍👦‍👦👨‍👩‍👧‍👧👨‍👦👨‍👦‍👦👨‍👧👨‍👧‍👦👨‍👧‍👧👩‍👦👩‍👦‍👦👩‍👧👩‍👧‍👦🖕👇🤳👈👉☝️👆👇🖕👇✌👁🧠👅💦💥💣💢💤💌❣💨💫💬🗨🗯💭🕳🕶🕶👓👔👕🧣🧤👜👝🧥🧦👗👙👘👙👚👛👝🛍🎒💣💥👢📿💄👒💎🎓💎🧢💎🎓🐵🐒🦍🐶🐕🐩🐺🦊🐱🦁🐈🐯🐅🐆🐴🐎🦌🦓🐂🐏🐐🐨🐨🐥🌷🌷🌱🌲☘️🌿🌸💮🌹🌳🌳🍁☘️🌻🌸🐞🌹🌳🌺🍃,1,2026-02-24T11:07:59Z,0
UgzpcOOd_ifurbXIsNt4AaABAg,@MestredopvpMestrepvp,"A filha quero traumatismo diferente 
A mãe:então vai ser craniano 💀",0,2026-02-24T11:02:52Z,0
UgxeuQ59HFvkDrmUSk54AaABAg,@carinasantos2407,😂😂😂😂😂😂,0,2026-02-24T10:41:43Z,0
UgzkEGvdthadBPmTKK54AaABAg,@nessacuri,"Puck pq vc ta demorando tanto pra posta vídeo, se ta parando?",0,2026-02-24T10:11:49Z,2
UgziJxgNwxvBu4xqiuF4AaABAg,@AnaVitoria-zm9zm,Oi,0,2026-02-24T09:48:04Z,0
UgyGOQEvGK51MWfrg8l4AaABAg,@hjisuqywus,"Kakakkakakakkaka, então vai ser craniano, 😂😂😂😂😂",0,2026-02-24T09:11:14Z,0
UgzgxU8RGKZB4Sc2a7R4AaABAg,@PriscilaMoreira-n7h,Faz a parte 4 das compras Black room mais rápido possível,0,2026-02-24T08:35:24Z,0
UgwQeXJVGGxx0_rRvXV4AaABAg,@zxchites,kakakakakakakakakak a cara da boneca n tankei,1,2026-02-24T08:35:09Z,0
UgwPKyBWODNZBKSZW4t4AaABAg,@mulherdohyunjin-L143,Eu já tive um traumatismo craniano e foi atrás de um únicorio com uma crina roxa e cauda tbm olhos. Azuis e ele era rosa,0,2026-02-24T07:48:15Z,0
UgzgGrpLp-IH8R-mS7B4AaABAg,@Cassidy_Elizabeth123,"""Então o seu vai ser craniano 💀💥""",0,2026-02-24T07:30:11Z,0
Ugxmt8E-lDmcvH5ek-V4AaABAg,@BetilsonChimica,Oxe traumatismos 😂😂😂😂,1,2026-02-24T06:27:52Z,1
UgzLCQXxf_kk8d4Lv0p4AaABAg,@WandrezaCecília,Eu tinha caído da cama e eu bati no vidro bate no negócio que fica o sapato tu bate tudo tinha como tem dois negócio eu bater em um dois três vidro Deus sabe o que aconteceu eu não levei um machucado mais,0,2026-02-24T05:49:54Z,0
UgzmmOYTnXYAgukGAQR4AaABAg,@brendadamarysc,Pelo menos tem traumatismo 😂😂😂,1,2026-02-24T05:06:49Z,1
Ugz3MNWSHLzW8DMs4vp4AaABAg,@SRcoxinhaYTB,Absolut cinema ✋️😂🤚,5,2026-02-24T04:45:39Z,0
UgwUy0k7H9cKo3jUrIx4AaABAg,@JamileVitória-l3d,Kkkkkkkkkkkkk,1,2026-02-24T04:25:20Z,0
UgyXo_oYF937pHGjaFN4AaABAg,@dodofofa12,Faz um  vídeo reagindo um vídeo do Nicolas neto evaporou,2,2026-02-24T04:16:40Z,1
UgyzpQzMmpme1-Ovv6V4AaABAg,@FãDoMeuMorajo,U.C.B.R,0,2026-02-24T04:12:22Z,0
UgyPqeGNCBBJy1Y0k0p4AaABAg,@silene6867,A mãe é super inteligente quer dar um traumatismo craniano na menina kkkkkkkkkkkkkkkkkk,2,2026-02-24T04:09:17Z,2
UgwKLrIc1RQKKWPoSFJ4AaABAg,@Guilherme-y8q9j,Então foi por causa da bola....😅,0,2026-02-24T03:59:57Z,0
UgwdlU3gSZ5AAbGEP254AaABAg,@martadionedaconceicao5109,Quando eu era mais novo do q eu sou eu andei de patinete aí eu quebrei meus dentes só q hoje em dia os meus dentes tão normais,0,2026-02-24T03:54:13Z,1
Ugz6RALybAumRVgzRvh4AaABAg,@AnaBeatrizdeOliveiraLopes,Oiiiiiii laAaaaa,0,2026-02-24T03:53:39Z,0
UgxeKdlcP6vN9KjjoxF4AaABAg,@vivicarvalho7628,Sksksksksksskskskskskskskskskskssksksksksksksk só ksksskskskskskskjskskssksksksksksdksksksksks,0,2026-02-24T03:49:36Z,0
UgzecWwjzJCluDI9tbN4AaABAg,@Gugu-c1c,Euu,0,2026-02-24T03:45:24Z,0
Ugyq7GXcKZ2EcZo0Uhd4AaABAg,@rosangelacarvalho2479,Nossa a mãe com educação positiva pq agente sempre tem que ter um traumatismo diferente o dela foi crâniano,0,2026-02-24T03:45:08Z,0
UgxLD02pEtQM9WpfGwl4AaABAg,@DINOjhoy452.0,Ctz que essa é a prima da destruidora de lares,0,2026-02-24T03:40:48Z,0
UgzfV49Ris8H8M-6QYd4AaABAg,@galenojunior4755,O quesito reage a Clarinha encantada e depois a mia  Nicole por favor sou muito sua fã,0,2026-02-24T03:39:57Z,0
UgwU78iyASWX_55bHmF4AaABAg,@analuiza-e7t1l,"Eu falei quer
Ela falou quero

Então o seu vai ser craniano 
Os pais na sala só ouvindo o barulho 
HUM HUM:BUM💥
Eles indo ver:a cara dela:😃
A cara da boneca:🥴kkkkkkkkkkkkk
ficha?",1,2026-02-24T03:39:35Z,0
Ugz82KH_4TatsOnsZ7d4AaABAg,@Rehmendes136,O meu bater a cabeça no chão e a menina colocar água na minha cabeça e não doer KKK,0,2026-02-24T03:38:39Z,0
UgxDohmKXpGK9_OGMRl4AaABAg,@Sukuna-Dij,0:00________________1:49,0,2026-02-24T03:29:46Z,0
UgwkCyB74g8WgOqgwEp4AaABAg,@darkzin0991tube,Ksks,0,2026-02-24T03:05:26Z,0
UgzFmc2BANN__LNi6_Z4AaABAg,@BiaMartinelli,😂😂😂😂😂,1,2026-02-24T02:58:07Z,0
UgwEVgzLqG82ijmojZx4AaABAg,@henriquesasso3074,Do Man JC 😂😂,0,2026-02-24T02:54:45Z,0
UgwxI-c73XeYJNTCnNZ4AaABAg,@Enzinn-Enzo,😂😂❤❤😂😂,0,2026-02-24T02:54:25Z,0
UgzttJ42QvKGDN1zbp14AaABAg,@calopsita135,O puck coloca uma melancia na cabeça e da 3 mortal pra tais hi,1,2026-02-24T02:51:51Z,0
Ugzxx1HKnzTzs1bbf7Z4AaABAg,@GarcellBidoofIrineu,"""ááááhhh ela quer ser diferen-TONA-"" ;-",0,2026-02-24T02:51:41Z,0
UgziReICGuWimOdkicF4AaABAg,@AnaMariaPereira-f8t,"Mãe : filha  filha : oi mama :3 mãe :
quer qual  traumatiso filha oxi Mãe????Mãe VAI SE CRANIANO:3 filha SOCORROOOOOOOO...e morreu :3",0,2026-02-24T02:50:56Z,0
UgzZbOV_roHvEFjMsTZ4AaABAg,@tubauba_oficial,Traumatismo... eu trinquei o osso ;-;,0,2026-02-24T02:49:28Z,0
UgzMxUMKTjVARWixenl4AaABAg,@Anny-fofis-me,Cheguei cedoooo ❤❤❤❤,0,2026-02-24T02:49:04Z,0
UgwdjjskNL09T4FMILB4AaABAg,@DaviAliferAraujodaSilva,😂,1,2026-02-24T02:45:40Z,0
UgwUJQ8oK9YQquFt6il4AaABAg,@yasmin_2023br,"""ela falou quero e então o seu vai ser craniano *para😝😝✨✨""
""Todo mundo tem um tralmatismo na vida""
""Aahhh uma vez eu levei uma bolada na cara e tô até hj normal 👍🏻 
Aham 🥴""",0,2026-02-24T02:45:22Z,0
UgwzA107xeu_HBsEIBd4AaABAg,@LauraVitoria-y9d,Então o seu vai ser craniano —💥kakkakakakalakak,0,2026-02-24T02:38:35Z,0
UgxNjvTJDhzglqHuZOp4AaABAg,@M_MITOO,Kkkkkk,0,2026-02-24T02:37:24Z,0
UgxlxAiLmdoWUSGd_aJ4AaABAg,@ෆoak_lovingcutiechanෆ,Faz video agraaaaaaa,0,2026-02-24T02:33:54Z,0
UgzBKxsT0EhymSgT45d4AaABAg,@AlvesSilva-j4r,O meu trauma foi quando eu bebi duas vezes coca sabor barata,0,2026-02-24T02:27:01Z,0
UgycQbjCPJKtjdLnoJ54AaABAg,@GabrielJesus-o7m4d,kkkkkkkkkkkkkkkkkkkkkkkkkkkkkkookkklllllkkkkkkkkkkk😂😂😂😂😂😂😂😂😂😂 muito bom poquito,0,2026-02-24T02:24:57Z,0
UgwYxw4WKrsp-v3tD554AaABAg,@andrearodriguescvo6224,eu já  tomei bolada e normal né?e normal 😅😅😅,0,2026-02-24T02:24:53Z,0
UgzZ0RFT-SGG8JCthAR4AaABAg,@PISICOPATO-QUACK,Jesus mais psicopata que eu 🤯,1,2026-02-24T02:23:15Z,0
Ugzga1GEg-aYa_wlUr94AaABAg,@AirtonDamiani,Quando é o eu 4 x Nacional eu era pequenininha e eu era recém-nascido aí minha mãe estava comendo sorvete com copo de vidro e ela não percebeu escorregou o copo da mão dela e caiu e quebrou na minha cabeça,1,2026-02-24T02:22:17Z,0
UgxkyZVGz90fxee1HBF4AaABAg,@NicholasSantos-z9v,❤❤❤❤,0,2026-02-24T02:18:21Z,0
UgyMvbilzBz0hJJLKEx4AaABAg,@alinerodrigues4262,Kakakak seu conteúdo é muito bom me divirto muito,0,2026-02-24T02:17:34Z,0
Ugz6ClvfjGFhkNeK2Zt4AaABAg,@MundoFolclore,"""Traumatismo 👹?""
O vocal tão ANGELICAL",0,2026-02-24T02:16:32Z,0
Ugxs1ZVdMeKCcKaJMjN4AaABAg,@HeyyJuhh,A filha dela sendo protagonista ;---;,0,2026-02-24T02:15:32Z,0
UgwIGK9y2PrGc3kHImV4AaABAg,@Rafaluffy09,Pukisito reage meu desenho,0,2026-02-24T02:11:28Z,0
UgyeyX5eFpRqdOrmYrt4AaABAg,@josianebisporodriguescamel4730,Kkkkkkkk mano traumatismo craniano 😂,0,2026-02-24T02:11:13Z,0
Ugydlr8EKkp7QObRkYl4AaABAg,@VandeilmaFerreiradejesus,Uma fez. foi que uma vez eu tava no colchão brincando eu tava tentando fazer mortal numa das minhas tentativas eu virei aí eu não sei o que foi eu fiquei roxa e desmaia nunca mais vou esquecer e eu tava pensando na abertura de Harry danger,1,2026-02-24T02:09:50Z,0
UgzhfVXRK8prA6qNIip4AaABAg,@uwukayllanekawaisybau,Boneca🚫 boneca do satanás ✅,1,2026-02-24T02:08:12Z,0
Ugy_-UzOXaoo_8HieW54AaABAg,@MagnoAlvesViana-h9w,Essa menina é o cão Vey kkkkkk,0,2026-02-24T02:07:21Z,0
Ugzcc5hpWDYfoaVuJYd4AaABAg,@manuellycarvalho5300,"""Então o seu vai ser craniano""  kkkkkkkkkk
Nossa parece minha coelha um pouco psicopata 😅
{\_/}
( • .•)               Bem que dizer que os animais 
/   >🔪            Cê parecem com os donos não 
                        Que eu seja né 😐 jamais fari 
                        uma coisa como essas né  😌 
                        💅 só fiz umas atrocidades
                         quando era manor 😊 mais foi
                         de boa kkkkk",0,2026-02-24T02:00:31Z,0
Ugy7YNijwYzdO0yOc454AaABAg,@Mundodaalexia-24,Eu também amor já tô pegar uma bolada na cara doyu tá e foi dormindo não a do meu tamanho o moço ela é gigante com arquitei nos anos e sentamos jogando queimada eu nunca mais joguei de nada,0,2026-02-24T01:58:28Z,0
UgyRl1k77bysv_jsINR4AaABAg,@StrawberryCookies-x7e,"Puck queria te falar uma coisa.... não tem aquela função de falar e o babytube fala umas coisas nada haver com o que ce pesquisou? Então, eu falei PU-CK-ZI-TO e foi simplesmente ES-QUI-SI-TO e o primeiro vídeo que foi era daquela menina que ce tentou m4t4 com ácido sulfúrico 🚬😍💅👁️👄👁️",1,2026-02-24T01:55:28Z,0
UgwtZQI1dGgxi72pqs14AaABAg,@marileiataiua928,Hoje tive um trauma de attack or Titan,0,2026-02-24T01:53:41Z,0
Ugx9EGzFLtCweCbeIhx4AaABAg,@AneyasmimDaCosta,❤❤❤,0,2026-02-24T01:52:01Z,0
UgyIt_MdsN-SjcECMKF4AaABAg,@RenataSilveira-i5w,Kkkkkkkkkk o traumatismo craniano 😂😂😂😂😂,0,2026-02-24T01:51:44Z,0
Ugw7iyprj7BGW4KKay14AaABAg,@SophiaOliveiragames,me identifiquei com ela kkkkkk,0,2026-02-24T01:51:11Z,0
Ugyu2saeuz_k0Cs5s1t4AaABAg,@miguelcordeiro9393,Pestucapia craniano 😂😂😂😂😂😂😂,0,2026-02-24T01:46:25Z,0
UgxMEXg4p_aZVNowBih4AaABAg,@ClaudineiFernandesRibeiro,"Eu já tinha visto esse vídeo e no começo eu tava tipo assim: como será que ele vai reagir quando ela falar ""então o seu vai ser cranian-"" 😂😂😂",0,2026-02-24T01:45:44Z,0
Ugzk3EIThzVLhAbaX-14AaABAg,@duduzimblox,Se o puckzito me responder eu lavo a casa inteira,1,2026-02-24T01:45:28Z,0
UgwkY-e_uF_R1pLzFNV4AaABAg,@leamargareth6318,Mano eu nen sei se hj to viva um dia eu fui quase atropelada ... um ou dia fui atingida por meu portão e pra desgraça fui levada por uma bolada na cara do 4° ano da minha escola e quem foi a errada eu putiz🫤,0,2026-02-24T01:43:54Z,0
UgwcAHLxh_VGmuASq4R4AaABAg,@RyanRodrigo-t2c,É só um traumatismo 😂😂😂,1,2026-02-24T01:37:04Z,0
Ugy9H08z495YdHn6Cz54AaABAg,@Miguelazevedo4429,"Meu deus que dó"" kkkkkkkkkkkkkkkkkkkkkkkkkkkkkkkkkkkkkkkkkkkkkkkkkkkkkkkkkk",0,2026-02-24T01:36:32Z,0
UgxrxmTnUANoy-C5vwR4AaABAg,@heleninhaalves3661,Ah ela quer ser seferentona bota uma melancia na cabeça e da três mortau pra tras traumatismo ?  Oxee porque um traumatismo ah uma fez tomei uma bolada na cabeça e tô bem até hoje rih 😅,0,2026-02-24T01:34:07Z,0
UgzXSk7eZaPI7O3mFSB4AaABAg,@Arthur.Ben1309,😱😱😱😱😱😱😱😱😱😱😱😱😱😱😱😱😱😱😱😱😱😱😱😱😱😱😱😱😱😱😱😱😱😱😱😱😱😱😫😫😫😨,1,2026-02-24T01:33:55Z,0
Ugwa8_pppbcgWoCSz754AaABAg,@izadoramatarazzo6783,❤,0,2026-02-24T01:32:10Z,0
Ugwc0Y2fFWuzseF6Zlp4AaABAg,@MaelydeCarvalho,Na parte que pukzito ficou com a boca aberta eu ri tanto😂😂😂,0,2026-02-24T01:31:04Z,0
UgwgwnAsa1X4Vq16D7R4AaABAg,@DENISEPEDRO-u7j,KKKK EU QUADO TIVER FILHO kkkkkkkkk,0,2026-02-24T01:30:24Z,0
Ugwbm827ZFmcZXLyM2d4AaABAg,@fadimha_lily,Eu tava vendo seu videos agora,1,2026-02-24T01:27:52Z,0
UgwS2V12qAvFZcB0a2B4AaABAg,@AlriethOliveira,OI.,1,2026-02-24T01:27:00Z,0
UgzuiB6wPHKTXK6yNKV4AaABAg,@Alice-j3l7e,Eu já tinha subido numa sapateira quando eu era criança eu me joguei da sapateira e quase quebrei meu nariz 👃🏻,0,2026-02-24T01:25:42Z,0
Ugwx2g9ixPy_HDNn7Dx4AaABAg,@MayMariæ,"Oi puck 👺,quanto tempo eu não vejo seu conteúdo ✊👺😭, se vc não me fixar eu vou ir puxar seu pé a noite 👺✊😁💅👍",1,2026-02-24T01:24:40Z,0
Ugxe5e3MUQSj5FUZceh4AaABAg,@ChickenZinho,Va durmir,0,2026-02-24T01:23:42Z,0
UgwR8NEaXvXEk9NC8P94AaABAg,@milhoazulado,Manoooo kkkkk😂😂😂😂😂😂😂😂😂😅😅😅😅😅😊😊😊,0,2026-02-24T01:22:00Z,0
UgxOjOjmkzqmNSxkzGx4AaABAg,@isabelladepaula3420,um dia eu tava fazendo a trend do spin me n sei oq la daí eu girei tanto que parecia que eu tava caindo dai eu cai de vdd daí eu levei 6 pontos no meu couro cabeludo pq eu bati na quina da porta alguém ja fez isso? n sei se traumastimo sla é trauma🤡😐,1,2026-02-24T01:19:13Z,0
Ugy7sXru6B8EFfKIaIt4AaABAg,@CarlosSantos-q8d2y,Oiii sou seu fannnn,0,2026-02-24T01:18:52Z,0
UgytHiDlkjiJa9pTN_t4AaABAg,@gabizin_ump,Kkk mds mano,0,2026-02-24T01:18:38Z,0
UgzKm-IKoV0cPph-6Jt4AaABAg,@CristianoMCunhaMarreiros,Oxi kkkkkkkkk😂😂😂😂😂,0,2026-02-24T01:18:02Z,0
Ugy46shXvp4Jg9v3yd94AaABAg,@SofiaCecilia-v9i,É o tourette 😂😂😂😂,0,2026-02-24T01:17:29Z,0
UgwcpmIIeADPvytoMXZ4AaABAg,@BRYANGAMEPLAY-k9d,SÒ UM EU TENHO NO MINIMO 190,0,2026-02-24T01:16:56Z,0
UgwG1FFc3Ea-nD3U-p94AaABAg,@CamyllyDz,😂😂😂😂😂😂😂😂😂 SOU THAUANY,0,2026-02-24T01:16:03Z,0
Ugy-OWmqng6hHLoKozR4AaABAg,@romanoconationi3152,"TrAuMaStiVo?oxi?,puck aprendendo ser mamãe, kkkkkk❤😂",0,2026-02-24T01:16:02Z,0
UgyCfUMSWzW-aZlHFcl4AaABAg,@MillieBB-n1w,Craniano é fod@,0,2026-02-24T01:14:37Z,0
UgyAB2VejKVoBPw8VxF4AaABAg,@MillieBB-n1w,Mds,0,2026-02-24T01:14:17Z,0
Ugy7BjXEFk6OzVUBoy14AaABAg,@SophiaSantosribeiro-u5v,Eu teve a mesma reação que ele❤😂,0,2026-02-24T01:13:51Z,0
UgyRlrGhYiSvIhygf-F4AaABAg,@Pedro_YT5577,Ela é muito pescotapa ☠️,0,2026-02-24T01:13:29Z,0
UgyNoHNjab5QDqBA1xl4AaABAg,@felipeperes8220,🤨kkkkkkkkkk,0,2026-02-24T01:13:22Z,0
Ugw4hEqRrerGaIhTuq14AaABAg,@yasminreisdossantos,😯😯😯😯😯😯😯,0,2026-02-24T01:11:09Z,0
Ugx0UNdomS_PCIKuvBh4AaABAg,@pedrobm-d3g,Quem chegou dps de viralizar?,0,2026-02-24T01:09:42Z,0
Ugxc93CgM5UEKoufI6R4AaABAg,@editsiniciantes,"Um dia eu tava sentado no galho de uma árvore só q eu escorreguei mas graças a Deus meu joelho travou e eu n cai 😮‍💨,isso foi Deus me salvando amém 🙏🏾",1,2026-02-24T01:09:33Z,0
UgyLMBkNkl5puCC3SXR4AaABAg,@ph_sophh11,"""Então vai ser ucraniano"" o puck🤨😵😱😱😱😱😱😱😱😯",0,2026-02-24T01:09:18Z,0
UgwXxvuzIOvr1avV0Ud4AaABAg,@mari-mdt-animes,Mkkkk,0,2026-02-24T01:09:13Z,0
UgwQwT-dFkrjZjKfDuR4AaABAg,@Cookie-Biscoitin,TOURETTE RETORNOS,0,2026-02-24T01:08:47Z,0
Ugyv-OTuasgRJ2ZrkXZ4AaABAg,@SorayaDiniz-c4h,Eu,0,2026-02-24T01:08:26Z,0
UgyylhZM_WBNGIA_L7B4AaABAg,@arthurzinho_primeee,Primeiros fãs do puckzito ❤❤ bora ajudar o puckzito abater 5 milhões de inscritos❤❤❤❤❤❤❤❤❤❤❤❤,1,2026-02-24T01:07:56Z,0
UgzOCDxY7mtQBNMBv_B4AaABAg,@RenanTarson,Akakak traumatismos n kakkaa,0,2026-02-24T01:07:41Z,0
UgzST5lCuOo9kqLtlaV4AaABAg,@souzaasuelenn,Ontem foi meu aniversário,0,2026-02-24T01:07:40Z,0
UgyobnEgpwIxRjVPJYp4AaABAg,@AndersonNogueiradaSilva-j8q,"""Mais gente"" eu amo ele❤❤❤",0,2026-02-24T01:06:50Z,0
UgwiW3tUjACluureoIB4AaABAg,@CelularClarice,""" acho que foi de boa pq eu to bem até hj (o efeito da bolada) é o TOURETTE"" KKKKKKKKKKKKKKKKKKKKKKKKKKKKKKKKKKKKKKKKK Puck sempre me fazendo rir nos meus piores dias",0,2026-02-24T01:06:48Z,0
UgyPKOEjo5pcXdZly2x4AaABAg,@RAPOZINHA190,Agora eu vou colocar uma melancia na cabeça e dá três mortal para trás,0,2026-02-24T01:06:32Z,0
Ugx3tBftNpyOQlHlkql4AaABAg,@MiguelVitório-w1w,A menina Pura psicotapa da pura pscotapia ta amarrado do mundo jc🙏🏻 faltou o🚂🚅🚅🚅🚅🚆🚆🚆🚇🚇🚇 sabe o grito😂,0,2026-02-24T01:05:35Z,0
UgxrjgyF4IQ_t_Xtzpp4AaABAg,@martaconceicao9951,Uma vez eu tomei uma bolada  nos bago mas ainda tenho  meus bago graças a deus,0,2026-02-24T01:04:43Z,0
Ugyb07vkHJUUH_egOcd4AaABAg,@marileneaparecida9753,Muito normal kkkkk😂😂,0,2026-02-24T01:03:49Z,0
UgzPx0mImBuEohB5mwd4AaABAg,@pameladomingosdasilva6281,Isso daí não era para ser trauma,1,2026-02-24T01:03:47Z,0
Ugy80AdYOpk0eAz9XX94AaABAg,@PedroArthur-u4o6y,Puck eu sou seu fã me dá um salve plss,0,2026-02-24T01:03:33Z,0
UgyHGrM8huROmnTrjZh4AaABAg,@ValériaBueno-q8i,Kakakakkakakqkqkqkakkakqkak,0,2026-02-24T01:01:04Z,0
Ugz159zDxnAthTUgO6B4AaABAg,@HeloisaStuppdeOliveira,Eu tbm ja tomei uma bolada na cara mas eu to normal 😮,0,2026-02-24T01:00:06Z,0
UgzuyfzgEvJwwtmKez14AaABAg,@NicolliAgatha,"""Gente......essa menina é a pura pescotapa da pura pescotapia... TÁ AMARRADO EM NOME NO MANO JC"" kk❤❤",1,2026-02-24T01:00:03Z,0
UgwZ6VG13s-0x_uiDfd4AaABAg,@GermaryGutierrez-n4z,Mds kkkkkk,0,2026-02-24T00:59:46Z,0
UgzN7e-syPWUZcpO8394AaABAg,@EmanuelleFerreiraMiranda-i9h,Eu tenho trauma minha vó ranco meu dente a força agora eu tô com trauma 😤😤😤,0,2026-02-24T00:58:02Z,0
Ugz8Xb0e_0w94kqUk5Z4AaABAg,@WanderAlves-rm6bn,Meu Jean caiu do beiço e quase morreu,1,2026-02-24T00:57:01Z,0
UgyTxo5kv9Hqhd7PKKp4AaABAg,@NicolliAgatha,"""Aahhhhhhhhhhhnn,uma vez eu levei uma bolada🤕 na cara👍🏻,mas eu acho que foi de boa porquê eu tô normal até hoje...hiiinhiin💀☠....É o tourette👍🏻👍🏻👍🏻🤡",1,2026-02-24T00:56:55Z,0
UgylnAXxT2OCcUGxCDt4AaABAg,@Yan_OX-c2d,Ela vai ter o traumatismo craniano,0,2026-02-24T00:56:34Z,0
Ugyjh9pFedJqCIzI9HN4AaABAg,@WanderAlves-rm6bn,Moça pouquízito pra que pantabiolência,1,2026-02-24T00:56:23Z,0
UgxTAeXCjEhtKymoTgd4AaABAg,@elainebrum8611,Mano lakakakka,0,2026-02-24T00:54:34Z,0
Ugy8cDED4j_2ieIwNwh4AaABAg,@M_L-KMR-8,"""Pq eu tralmatizo? Ahhh.. uma vez eu tomei uma bolada no chaco mais acho que foi de boa pq eu to normal ate hj hehㅁ... (silencio total) é o tourettes"" mn, o melhor roteiro da minha vida",0,2026-02-24T00:54:30Z,0
Ugw8LifClPefub05e7p4AaABAg,@Paulo082-u6h,😂😂😂,0,2026-02-24T00:54:19Z,0
UgxakiQS0uUm4aaoRVF4AaABAg,@mariavitoriadossantosdias4760,PUCKZITO VOCE É MEU FÃ EU MORRO DE RIR TE ASSISTINDO,0,2026-02-24T00:53:55Z,0
UgwEakdzraMSflqw91p4AaABAg,@ÉricaSantos-f7f,Reuni todos os fãs do puk de vdd 👇🏻,0,2026-02-24T00:53:36Z,0
Ugy98dkGAAH8mq1l-th4AaABAg,@ALEXANDREGuerreiroALEXANDRE,"""então o seu vai ser craniano""💀💀💀💀💀💀💀💀💀💀💀💀💀💀💀💀💀💀💀💀💀💀💀",0,2026-02-24T00:52:07Z,0
UgwD5e37F4G42Ku6KPd4AaABAg,@KAIO_TDR-gw,Oiiii,0,2026-02-24T00:51:42Z,0
UgzcjT5W0JlSXtpqtwd4AaABAg,@Agatha453,Muito normal tô vendo muito normal,0,2026-02-24T00:51:01Z,0
UgzkmkdagF16KTS9IDR4AaABAg,@ViníciusDosSantosMoraes-v4t,😭😭😭😭😭 meu tio tá com traumatismo craniano 😭😭😭😭😭,0,2026-02-24T00:50:55Z,0
Ugyv2tYkOa8FEMIV7AJ4AaABAg,@lilice34223,Sumiu né kkkkkk tava aonde,1,2026-02-24T00:50:33Z,0
UgzuBlFpl3ZhM0ol1dl4AaABAg,@PequenaBrenda,Então  o seu é o craniano 💀 kkkkk,1,2026-02-24T00:49:51Z,0
UgzvNS292T26tCZcy6B4AaABAg,@PequenaBrenda,Então  o seu é  traumatismo craniano  kkkkkķ,1,2026-02-24T00:49:21Z,0
UgyY1MPR5SIIwlaHE1J4AaABAg,@Cida-w5j9c,Kkkkkkk❤,0,2026-02-24T00:47:09Z,0
Ugz2hLD5WMN9QX8yytx4AaABAg,@PalomaNogueira-h2b,😂😂😂😂😂😂😂😂,0,2026-02-24T00:46:53Z,0
UgzGs3XYjjC_3WsrFzZ4AaABAg,@p3xd_7,O puck está com o olho vermelho ou é impressão minha 🤨,1,2026-02-24T00:46:23Z,0
Ugz7mXxS1_qNlLOYL4x4AaABAg,@thaliareis7168,Ver vídeos favoritos do pock,0,2026-02-24T00:46:17Z,0
Ugx0_uiG5gQKn2SRzON4AaABAg,@PretinhaMarques-x2d,Tem é muito panopeia isso sim 😂😂😂,0,2026-02-24T00:46:15Z,0
UgwDxm5kvX9BB0qeEuF4AaABAg,@AnaJulia-e1l5j,"""Pq eu to normal ate hoj- ahsjdksj 👹😃😝 w...simdorme de torete "" mn kakakkakakka o puck me alegraa ❤",0,2026-02-24T00:45:57Z,0
Ugz52hT9vmFn0LniPwV4AaABAg,@FlorençaBeatriz,Meu traumatismo literalmente sendo que eu tomei cerveja com 4 anos😂🫥,0,2026-02-24T00:44:50Z,0
Ugzk-7h4jJuyjeds7xt4AaABAg,@kayanefranca4314,Único traumatismo que eu conheço tal triz ismo ucraniano traumatismo craniano,0,2026-02-24T00:44:33Z,0
UgybpB-pWtPqvGOkxw54AaABAg,@AdrianaGadelhaLeal-CDE07,Isso é um repost????,0,2026-02-24T00:44:17Z,0
Ugxf81Ujai1a6TgF5iV4AaABAg,@ClaudiaHavanealves,😂😂😂😂😂😂😂😂 muito tu é muito muito muito muito muito eu dei like todos os seus vídeos eu te amo muito,0,2026-02-24T00:43:41Z,1
UgwBlgGZXasxoRONuz54AaABAg,@aniana32766,Mn eu tava comendo eu guspi tudo kakakakkaak,0,2026-02-24T00:43:31Z,0
UgzDsDjtVQsv0Yrx5wp4AaABAg,@RabiscosVivos_LOVE,"Coisas que eu posso dizer sem zuar: ""É o tourette""
Eu realmente tenho hahahahah EU TENHO A FORÇA BRASIL!!!!
(Tourette é uma grande BOSTA é muito ruim Vey)",0,2026-02-24T00:43:11Z,0
UgyfRuUDjvhyW-FD0w14AaABAg,@RafaelaSilva-p8c,Vc perdeu o BV com a bola,0,2026-02-24T00:42:49Z,0
Ugx66psytTa6iHV7IEp4AaABAg,@vih_martinsk7224,O meu foi cair da árvore e quebras os 2 braços 😊 bem deboa 👍👍👍😊😊,0,2026-02-24T00:42:45Z,0
UgxC8t_ZGOxMRimr4Yh4AaABAg,@Bruxa_Polar,Mano JC kskskksak,0,2026-02-24T00:42:36Z,0
Ugy2X8-xrYRtwm7QwJd4AaABAg,@Davisantos-j3g,EU JA FIZ,0,2026-02-24T00:41:30Z,0
UgwDwraio4jI_syp3ut4AaABAg,@AnaClara-p9f9q,Uma ótima mãe,0,2026-02-24T00:41:25Z,0
UgxNGGzMu_blwJJs4Zx4AaABAg,@wesleysouzadossantos707,😂😂😂😂,0,2026-02-24T00:41:25Z,0
Ugyk-OFG_5YNt3IWQYV4AaABAg,@LolySantos-u1x,"O meu traumatismo eu fui lá na escola da minha irmã ,  só que tipo  ela é mais irmã velha aí tava lá de boa na escola dela tá que chegou um professor o professor ficava xingando direto do nada  ele  soltava na sala c@r#lh@ era um monte de palavrão agora meu traumatismo é palavrão palavreado não sei como se fala😅",0,2026-02-24T00:40:26Z,0
UgztS29dTqY_7p-yqGV4AaABAg,@felipesalvo1422,😂,0,2026-02-24T00:40:20Z,0
UgwTMtL3l6FSA3BY8Il4AaABAg,@cristianepereiradesousapal4663,KAPAKAPAKAPA mds cara kkkkk,0,2026-02-24T00:39:43Z,0
UgxKlz3-oprKeGzeVGF4AaABAg,@AnaJúliaNascimento-z6u,Menina olha aí eu acho que todas vai pegar ela taca no vulcão que ninguém teve esse traumatismo ainda,0,2026-02-24T00:38:28Z,0
UgwLCvFQ3s5gGLaR2VZ4AaABAg,@vradimirassismaisumanosemt7013,😂😂😂😂😂,0,2026-02-24T00:36:54Z,0
Ugw11BggnXPR4pYl6254AaABAg,@Shadow_curioso,Mds os vídeos do Puckzito me faz rir no dia a dia,0,2026-02-24T00:36:18Z,0
UgxV9oGVMyomjsdYmcB4AaABAg,@NDX-EDITS,EU JA COLOQUEI UMA MELANCIA NA CABEÇA E DEI 3 MORTAIS IAI? HUM? (Esquizofrenia),1,2026-02-24T00:36:00Z,0
Ugw-3LMT5k7BLQDB9j14AaABAg,@BDE.danisg,Salve dboa maninho te assisto dês do começo sou igual você prq sou muito engraçado e as vezes eu singo um pouco pra sou Mandrake ahrrahrrahrrahrrahrra risadinha de ladrão zueira sou homi tcheckaaaaaaakakaka,0,2026-02-24T00:35:27Z,0
UgwrqdcUjUavV6PoYg14AaABAg,@LauraLessa-gk4ll,Minha mãe quando tá de saco cheio eu venho com essas gracinhas para o lado dela😂😂😂,0,2026-02-24T00:34:30Z,0
UgyO7-cGpQD2qH6lx2V4AaABAg,@GustavoRodriguesdossantos-t4v,Eae puck,0,2026-02-24T00:34:28Z,0
UgxfUITXcQ98UiEgKY14AaABAg,@MiniGojoLouco,KAKAKAKAKAKA,0,2026-02-24T00:33:39Z,0
UgwlFBTueJ1_da_K3uJ4AaABAg,@emersonluizdasilva3404,"Puckzito vira meu escrito por favor, eu amo seus vídeos❤",1,2026-02-24T00:33:37Z,0
UgwH-HyKnOWfvu2Q8j54AaABAg,@mariabrito5448,Vc quer um traumatismo?então o seu vai ser craniano kkkkkkkkkakk😂😂,0,2026-02-24T00:33:10Z,0
UgxlXK2t1YQ1xgGODnF4AaABAg,@Marialinda-y6i,Ta amorrado en nome do JC(Jesus Cristo),0,2026-02-24T00:33:05Z,0
UgxluhDGqNPk2ugbDbx4AaABAg,@Analia-r4w,"Er,eu já dei mortal e coisei minha cabeça e me traumitizei.......💀💀💀 Acho que pesei o clima.....


































Eita curioso tu foi pq tu quis 































Meu fi eu tô te falando não vai só não vai


.
......
















...



















EU FALEI NAO VAI








































































































EEEEEHHHHH vc pode dá pelo menos um like só 78 likes🥺🥺🥺",0,2026-02-24T00:32:41Z,0
UgykkAAZ11EQbMtJKOB4AaABAg,@HeloisaTrombini,"Então u seu vai ser crânio 💀 
O puk :😲🤨 gente essa menina é a própria pescotapa da pescotapiana😂",0,2026-02-24T00:30:35Z,0
UgxF3tRDuyA7pNYVFo14AaABAg,@AlliceMaria-09ibg,Ata,0,2026-02-24T00:29:45Z,0
Ugy235X20nwfsZ5vFw94AaABAg,@danielgomesteixeira,Vdd kkkkkkkk,0,2026-02-24T00:29:36Z,0
UgwHdVmP10QXDMfH3c14AaABAg,@AnaLuizaResemBarbat,NÃO DEIXEM ELA SER MÃE!!!!!,0,2026-02-24T00:29:31Z,0
UgxRQiFpnnzxACxkiZB4AaABAg,@lilianeb.3729,O efeito da boladaKAKAKKAKAKAKAKAKAKAKAKAKAK,0,2026-02-24T00:29:10Z,0
UgyRBWdvegUQfamxyTB4AaABAg,@Andressa-n9g,""" então o seu vai ser craniano 😮""",0,2026-02-24T00:28:29Z,0
UgwDuUfWRoXh5y8Ls5d4AaABAg,@lilianeb.3729,tourete KAKAKAKAKAKAKAKAKAKAKAKAKAKK,0,2026-02-24T00:28:25Z,0
Ugxa7azCl5pD3sBq3np4AaABAg,@Diego_Oliveira_Melo,"Oi gente sei que nao tem nada aver , mas talvez vc esteja precisando dessa mensagem:

Deus nunca desiste de você.
A graça alcança onde o pecado não pode ficar.
Cristo não veio para condenar, mas para salvar.
Uma vida com Deus é uma vida com propósito.
Espalhe amor, espalhe Jesus.❤",9,2026-02-24T00:27:02Z,0
UgzXBh9di7ojRieUq1p4AaABAg,@ElzaMaria-f5c3l,oi packuuuuuuuu,0,2026-02-24T00:26:45Z,0
UgxwkSBV4khVgUa-kdp4AaABAg,@eduardafernandes2654,Bota a cabeça dela na panela kkkkkkkkkkkkkkk,0,2026-02-24T00:26:38Z,0
UgxloxFsTWUr4Lpxn3V4AaABAg,@LohannyYasmin-v7m,Eu elevei uma tijolada na cabeça 😃😄 foi bem de boua 😊😊😊😊,0,2026-02-24T00:25:20Z,0
Ugz0QoT-H4N0fgLxGeV4AaABAg,@MariaEduarda-t5u3n,Puckzito meu maior fã faz mais vidio por dia,0,2026-02-24T00:24:07Z,0
UgxXY32DXN780mCW6wh4AaABAg,@MariaEduarda-q6k5g,😂,0,2026-02-24T00:23:37Z,0
Ugzoc2vgL-7lhtlT-NF4AaABAg,@BenildaOliveira-e6l,Esquisito me nota por favor sou muito sua fã desde 2025 do oito do 6 de 2025,1,2026-02-24T00:22:41Z,0
Ugxu-tptJKb5dVJP9-p4AaABAg,@SandraLúcia1974,Mds kkkkkkk puck ela quis dizer que todo mundo pode se traumatizar(espero ter ajudado 😅❤) Obrigada pelo like que eu mesma dei🥲,1,2026-02-24T00:21:12Z,0
UgyD2_VuBfnRe7FGjsx4AaABAg,@HillarySantos-t6o5g,Música dos Pocket time,0,2026-02-24T00:20:09Z,0
UgyF3-a9pvluwBJcTLN4AaABAg,@debinha7_7,Mds carakkkkkkk,0,2026-02-24T00:19:46Z,0
Ugzvlf7sr-iVUlZ3rhF4AaABAg,@SofieYumiVieiraLima-o7i,Traumatismo,0,2026-02-24T00:19:15Z,0
UgzIbsZJTbl09goDb5B4AaABAg,@HyanDanielRibeiro,Kkkkkkkkkkkkk a irmã da distroidora de lares,2,2026-02-24T00:19:05Z,1
UgwZJEJ6JiwhL2ccfL94AaABAg,@aoiiidilbo,A suika tendo uma melancia na cabeça-,0,2026-02-24T00:18:45Z,0
UgzAHCwZL1N4s_Ez5VR4AaABAg,@AdrianGabriel-k9x,Obrigado por me fazer eu rir porque a minha cachorrinha morreu 😢😢😢,0,2026-02-24T00:18:13Z,0
Ugwljp_p_PtsRxFHsVl4AaABAg,@NetoGomesDesouza,A mãe dela colocou ela para deitar sem sono,0,2026-02-24T00:18:04Z,0
Ugxe86XRjk7r9cSWNk54AaABAg,@gamer08639,Pack joga poppy playtame 5,0,2026-02-24T00:17:28Z,0
UgxCt3frGYli-iQ6roF4AaABAg,@benicini4-roblox,Eu tbm tenho uma idéia! Joga ela em um prédio de 1000 metros vai nem sentir:),1,2026-02-24T00:15:41Z,0
UgyWuqZ5XpZYsD946Hp4AaABAg,@DouglasAlmeida-d5s,😂,0,2026-02-24T00:15:35Z,0
UgzOPnRpbvZMHVxn6JZ4AaABAg,@ysismartinsoliveira16,"""Então o seu vai ser crânio👁👄👁💅😍🔪""Genteeee....kkkkk q fofinha ela né kkk",0,2026-02-24T00:13:24Z,0
Ugw8PYCryGNnpKSoaUt4AaABAg,@NaldoTeixeira-v7x,Desculpa eu coloquei errado o seu nome,0,2026-02-24T00:13:03Z,0
UgztN9FvKo_86uIb4054AaABAg,@DJVXZY4,Antes era melhor o canal dele dei uma enjoada no canal do puck...,0,2026-02-24T00:12:59Z,0
UgyV2gYUaJIJjfMCFfF4AaABAg,@Gaby_otaka12-animes,Kkkkkkk,0,2026-02-24T00:12:52Z,0
UgwGuDW4Um0c3h-Ly5Z4AaABAg,@JanainaBogea,Então seu vai ser craniano 😂😂😂😂😂😂😂,0,2026-02-24T00:12:51Z,0
UgwNzs6LFY60XR0X52p4AaABAg,@SegredoSegredo-w1f,CHEGUE CEDOOOO,0,2026-02-24T00:12:25Z,0
Ugy5SdIbmEUJW1iiJ-94AaABAg,@R3merr,Traumatismo… OXI vix kakakakakka,0,2026-02-24T00:12:07Z,0
UgzFYgj4dJPAA0-HBfN4AaABAg,@madalenamarques2780,meu Deus,0,2026-02-24T00:12:00Z,0
Ugy2mEXKtRuYlK72xSZ4AaABAg,@LaviniaVicente-l5v,Pukzito me nota e eu grito na rua,0,2026-02-24T00:10:24Z,0
UgzNssLeCjUxOZc-DZ54AaABAg,@AgathaLais-r6q,"O meu trumastismo é igual a música do Filipe Amorim ""Tem gente que já nasce com coração blindado,eu pena que não é meu caso...""",0,2026-02-24T00:10:20Z,0
Ugw-pm7XUd8Bynf7Ar14AaABAg,@LaraHelenaPezoti,Eu trauma é a árvore pedra porque teve um dia que eu tava subindo em cima de uma árvore e tinha uma pedra embaixo né atrás do meus irmãos aí minha mãe falou assim para mim descer meu pai falou assim que eu ia cair quando ele abriu a boca quando falou assim que eu ia cair quando você quando vê eu escorreguei da árvore e bati minha cabeça na pedra saiu um monte de sangue na minha cabeça e olha que ela nem me levou no hospital🥰👍,0,2026-02-24T00:10:00Z,0
Ugx8fZ0Ayc9PgITbpch4AaABAg,@liviafaro3386,""" um dia eu levei um traumatismo jogando futebol eu tô normal até hoje HiHi👺""",0,2026-02-24T00:08:50Z,0
UgxDT9vEB1AuFYp1vK94AaABAg,@NATALIABRAGA10,Traumatismo coreano,0,2026-02-24T00:07:54Z,0
UgwzFsjAh0RMBgnnhDd4AaABAg,@marcosribeiro1524,Akkakakakakakka,0,2026-02-24T00:06:41Z,0
UgyAHcUVp7YIPBvEgEt4AaABAg,@maite_desenhos-z8x,Oxi,0,2026-02-24T00:05:45Z,0
UgycorJm4nBpFTU9pcV4AaABAg,@InfinityyMiahh,Essa aí vai ser ótima mãe KKKK,2,2026-02-24T00:03:45Z,0
Ugx56KGihXLTDTe8Sw54AaABAg,@AnaClarara.583,Alguém em 2031,0,2026-02-24T00:03:36Z,1
Ugwl4Zlrh9XReSc7m054AaABAg,@lidianemattana9613,"Fãs do Puckizito reúne-se aqui 
👇",1,2026-02-24T00:02:14Z,0
UgzUwrOV7p16AAwvuj54AaABAg,@DaviAugusto-n5q,Tenho a impressão de já ter visto esse vídeo  tipo antes mesmo de lançar,1,2026-02-24T00:01:50Z,0
UgzKw92XAet0ISZnj6p4AaABAg,@AntonioCarlos-v4v6s,Kakak traumatismo kakakkka,1,2026-02-24T00:01:42Z,0
UgyMKBNlvhJyNWrD10x4AaABAg,@Alicedasilva-j2u,Cada like neste comentário é um copo de água que eu vou beber não vale apelar,1,2026-02-24T00:01:39Z,0
Ugw5ESyC637rmkTJjGJ4AaABAg,@elainelopes3779,"É.... errada ela n ta, sabe.... SINTO MUITO MAS EU FARIA O MSM PQ JA FIZ DANFIC AF0G4NDO A MENINA Q N GOSTO E M4TAND0 ELA...",1,2026-02-24T00:00:54Z,0
UgyYmzVRHYPrNfjAxU94AaABAg,@JulianaFerreira-zg7lj,29 minutos nunca imaginei chegando tão cedo num vídeo do Puckzito kkkkkkkkk,1,2026-02-24T00:00:47Z,0
Ugw4pw8A3mHK7mPwoPV4AaABAg,@ArthurGustavo-l2k,ta porraaaaa😂😂😂😂😂😂😂😂,2,2026-02-24T00:00:44Z,0
UgyymT6z7YUwaxmTN8x4AaABAg,@MundoTaliti,Eeeeeee,0,2026-02-24T00:00:44Z,0
UgzyrZDtpjs3GRqtkpF4AaABAg,@miguelgoetzbueno,Kkkkkkk,0,2026-02-24T00:00:00Z,0
UgyUiHOQwEceJUGKb3V4AaABAg,@christophermulleralves6765,"""Aí uma vez eu tomei uma bolada na cara- "" kkkkkkkkkk",1,2026-02-23T23:59:58Z,0
UgyIWrxj6iSecH47MZR4AaABAg,@afonsoreis7219,"""É o tourette "" me quebrou véi kkkkkkkkkkkk😂",15,2026-02-23T23:59:38Z,1
UgxZgGxvMiU9V3ZuUQt4AaABAg,@CristianoSakamoto,Eu sempre amo o Puckzito eu amo muitos os vídeos dele,1,2026-02-23T23:58:57Z,0
UgyViw2Meph6D1vDZ4l4AaABAg,@MikaelaMuniz-f7m,Hiii 😂😂😂😂😂😂😂kkkkkk kkkkkkkkkk 😂😂😂😂kkkkkk kkkkkkkkkk,1,2026-02-23T23:58:47Z,0
UgyNw1UgA9OE6jl-mGN4AaABAg,@SabrinaRodrigues-b7h,Tropa de quem chegou cedo,0,2026-02-23T23:58:06Z,0
Ugyva8gsnsOSBaHAth14AaABAg,@lucasraylan4029,Kkkkkkjkkkk,0,2026-02-23T23:57:55Z,0
UgzIE09OTPMY8217YMJ4AaABAg,@MarcoTulioSouzasaxalto,Cheguei,0,2026-02-23T23:57:35Z,0
Ugx2q0MOZxjLSIvMbJR4AaABAg,@banaginho,Meu tralmatismo e de cachorro,0,2026-02-23T23:57:02Z,0
Ugy8soKzs71p670mg214AaABAg,@hype_nick123,"Nss juro kkk, agora que eu cheguei agora vai ter 359 comentários aí quando eu for ver amanhã vai tar uns 3 mil kkk",0,2026-02-23T23:56:48Z,0
UgzrfZJqksl7YOR02Sh4AaABAg,@멜지냐,MDS cadê o pitomba 😢,0,2026-02-23T23:56:44Z,0
UgyktZlIgfOT_ZET7E14AaABAg,@coxinha_de_frango_com_catupiry,Kkkk,0,2026-02-23T23:56:38Z,0
Ugy3l5KNC_h5R0V6IWN4AaABAg,@KatileneSouza-xz7hw,Kkk,0,2026-02-23T23:56:26Z,0
UgzRo8OwuYZHp3jzrbd4AaABAg,@esther_games222,"""Efeito de boladah😍💅"" oxi kakakakakakakaka",0,2026-02-23T23:55:58Z,0
Ugx3gokqo0nLUG6L0HZ4AaABAg,@ArthurSilva-j6n4b,Seloko,0,2026-02-23T23:55:08Z,1
Ugz_8u4eSUbedMukxHF4AaABAg,@isa_santos06,Kkkkkkkk,0,2026-02-23T23:55:04Z,0
UgzVSmjblYhX52nHDO14AaABAg,@fadinha_gigii,kkakaka,0,2026-02-23T23:54:34Z,0
Ugw3bHV4Wyoq5b5_1Kx4AaABAg,@IsabellaPereira-z4e,O mel traumatismo foi que eu fiquei internada e perdi o acesso sim 10 vezes😅,1,2026-02-23T23:54:15Z,0
UgzMqdNnUXj5QQHADDN4AaABAg,@IzaqueAraujolima-rc1mq,"Cara,seu canal ficou meio forçado😢",0,2026-02-23T23:53:15Z,1
Ugyis6URUts9ExCuPSJ4AaABAg,@PipocaPipoca-k9g,"Hnjmunyvrecybunju6ikkiolol7brrvyhununubyvtcreecrgybjnu tvtvyjub53efth7hyh54f4gyhyhybyhyhyh7buj9l9lihynikij6g42e. G g g 



Trrhtergrhybyvtvg
M
L
K


K..k
Muito
L
L9
8l.il7
F rv whte 4tjn4ykmkyflamego7jujujy==÷÷÷:/&<&<*>*<7*>?>

L
O
L
K
K",1,2026-02-23T23:53:15Z,0
UgzrKpUA0QPDs61g3op4AaABAg,@amovcjuju,"Tropa que chegou cedo
👇🏻",1,2026-02-23T23:53:08Z,0
UgyWUYa-RrEWznR3YFl4AaABAg,@barbaramaedalaura,Traumatismo: craniano e tourrett,1,2026-02-23T23:52:28Z,0
UgzP62hDhurucGcIq1J4AaABAg,@Celeardesenselife,Final 10,0,2026-02-23T23:52:16Z,0
UgyIrSZ7uem60he002B4AaABAg,@lay_bvc14,"Puck estamos eu e vc normais eu caí da escada e bati a cabeça do chão tô normal até hoje tbm
*Efeitos💥💥💥💥💥💥💥💥💥💥💥💥💥💥💥💥💥💥😆😆😆😆😆* é norm-",0,2026-02-23T23:52:14Z,0
UgwXX-QWFtFDSv7Dxnt4AaABAg,@EllisyCattleya,Puckzito mim nota😢 eu amo vc ir o pitomba😊,0,2026-02-23T23:51:46Z,0
Ugx97kxFnZO8q83aC-d4AaABAg,@jellyousshii,"KAKAKAKA, ME MATO DE RIR COM O PUCK",1,2026-02-23T23:51:40Z,0
UgyFHLIOWrcX4xpfAfN4AaABAg,@Aylahcomhoficial,Dia 1 tentando ser famosa,0,2026-02-23T23:51:02Z,0
UgzWxpwd-37jyp_QjHN4AaABAg,@MariliaVollmann,Que mãe educativa,1,2026-02-23T23:50:16Z,0
Ugzr4llVp5HDG6t1JaF4AaABAg,@sangue_de_indio_nunca_acaba,Opa;-;,0,2026-02-23T23:50:07Z,0
Ugya4FmbOzmFxSe6S0d4AaABAg,@ArthurArce-yj4zt,Quem chegou antes de viralizar😂😂,0,2026-02-23T23:49:23Z,0
UgzgtjQ8gsjeQPUwkmh4AaABAg,@fabiolaschwingel3944,Ai meu deus kkkkk cheguei nos 17 minutos amo seus vídeos me deixa melhor 😊😅😅😅😅,0,2026-02-23T23:48:54Z,0
UgybrXu2yKt9wx1E4wF4AaABAg,@St4rvalen,Akakakakakka vey mn tô rachando AKKAKAKAKA,2,2026-02-23T23:48:30Z,0
UgwzkufH_FQd5a_0elF4AaABAg,@cochilo_BR,"TA AMARRADO EM NOME DO MUNDO JC👹☠

HISTÓRIA: um dia eu estava em casa bem de boa e 2 jabos de dois meninos me chamou pra jogar vôlei uma menina apareceu pegando a bola e furando eu gritei:você não fez isso garota,eu ativei meu modo vuadora e dei um chute nos cabitos dela fazendo ela bater no portão e o portão cair em cima dela✌🏻🐑
(Ta tudo de boa com a menina ela so quebrou duas costelas e o braço)",1,2026-02-23T23:46:58Z,0
UgwqoxYVgIxCqm95QzB4AaABAg,@Mirella3214-d2y,Eu acho q eu já vi este vídeo,0,2026-02-23T23:46:56Z,0
Ugw-7HFTW_cPMszd_DZ4AaABAg,@LuizAugustoCordeirodeSouza,eu com oeu falo shamar a ucbr pra shutar os bebe reborne andando na rua shutando os que n se move juntar ucbr shutando os bebe reborne,0,2026-02-23T23:46:47Z,0
UgxWonK89BL_ihtj5Bx4AaABAg,@alinemusse4700,BEM NORMAL 😂😂😂,0,2026-02-23T23:46:23Z,0
Ugyn1GtpNH-qK0T-ZEV4AaABAg,@tomato_gamer-z2t,Kkkkk então o seu vai ser craniano,0,2026-02-23T23:45:59Z,0
UgzFSF9RY2ULlLCQuT94AaABAg,@PatriciaSales-n6j,Tropa de que no chegou antes de viralisa,0,2026-02-23T23:45:43Z,0
UgyDqhUOWw76sjcjoa54AaABAg,@FranciscoAntoniolli,Oi,0,2026-02-23T23:45:14Z,0
Ugxz3tU_5Fj_Nl3tvFx4AaABAg,@Sabrina-g5s7t,O zoi da boneca parecendo do capeta todo preto tá repreendido senhorrrrrr ahhhhhh💥💥💥💥,0,2026-02-23T23:45:06Z,0
UgzlyoP0LqPWvL5LGnd4AaABAg,@manyy09ofc,"""É u ToUReTTe"" kkkk amo o Puck😊",1,2026-02-23T23:44:42Z,0
UgzRfW7FAzFeVv8B4iR4AaABAg,@UtilizadordeMega,Sinto que ela foi minha mãe noutra vida,0,2026-02-23T23:44:22Z,0
UgwQm5gVNlguAg3sUKp4AaABAg,@Canal-da-Melanie,Ela falou com tanta sinceridade 💔,1,2026-02-23T23:44:10Z,0
UgzwGypAyhzMK2nFIzx4AaABAg,@ludyellenvitória,Tropa de quem chegou antes do 1000 e de visualizar????,1,2026-02-23T23:43:53Z,0
UgxqKMWaaQES2cToH894AaABAg,@MariaIsisfreiredasilva,Traumatismo? Rachei o bico noss😂❤❤,1,2026-02-23T23:43:50Z,0
Ugx7YJSioxH1s7OAObB4AaABAg,@Izabele-q7h,me nota puckzito me nota pfvvvvvvvvvvv,0,2026-02-23T23:43:28Z,0
UgzjI9I5RD0TSEf8IX14AaABAg,@karyncremo1692,Ksksksksksskskskskskskskk,0,2026-02-23T23:43:16Z,0
UgxFbQDqaK6nHfuFcZl4AaABAg,@ClubedaHeleninhaJosse,Eu,0,2026-02-23T23:43:13Z,0
UgwIrnkbZdl95_XebVF4AaABAg,@Apenasumastayvivendo,"Tropa de quem chegou antes de viralizar 
👇",0,2026-02-23T23:43:12Z,0
Ugz2nL01UoM-2iLRN054AaABAg,@Nathan007pr0,Eu já levei 56 bolada na cara e tô bem até hoje,0,2026-02-23T23:42:49Z,0
UgzlviOR-JKNYKjsl7h4AaABAg,@JojocaBlox,Eu eu que já levei uma mangada nas bolas e tô vivo,0,2026-02-23T23:42:42Z,0
Ugz99HXQrpVdg8n5yfd4AaABAg,@AdrianaCândido-x4o,11 minutos😮,0,2026-02-23T23:42:14Z,0
UgzAUaxM7CMJ4aBH1154AaABAg,@tomato_gamer-z2t,Dá coração porfavor puckzito,0,2026-02-23T23:42:12Z,0
UgwqA3uvC_KA5YSz7Jd4AaABAg,@AliciaFirminoFlausinoFlausino,Kkkkk,0,2026-02-23T23:42:10Z,0
UgzDxcWmEbN9wugW2Gx4AaABAg,@falsabloquerinha,"10 MINUTOOOOOOOO,o puck,posta mais video",1,2026-02-23T23:42:08Z,0
Ugw_Jw3kWGWt9NhJQ0F4AaABAg,@Artuzingame,A é eu fui num simulador da DISNEY TÁ EU EU LÁ GRITANDO:ME TIRAA ME TIRAAAAAA ME TIRA DESSE INF***** AAAAAA AAAAAAAAA EU VOU MORREEEEEEEEE,0,2026-02-23T23:42:06Z,0
Ugz_AG_sK_aNe0yNA4h4AaABAg,@LOLÔGAME02021,Cheguei antes dos 1mil likes,0,2026-02-23T23:41:53Z,0
Ugz2YemZwUfK1AKQB3B4AaABAg,@fa_fofim,Como seu escritos é legal❤,0,2026-02-23T23:41:50Z,0
UgyukOYn52xeneCgfzh4AaABAg,@Lucasmorais20233,O puck kk,0,2026-02-23T23:41:44Z,0
Ugy25v5pGdf0Qat6hlJ4AaABAg,@samaramartins2580,Aí eu morro com esse puck,1,2026-02-23T23:41:11Z,0
UgwzyPSVyxEfAPw01jt4AaABAg,@fairy_delzinha13,Kkk,0,2026-02-23T23:40:56Z,0
UgxpG0jTmRLv3EHTDXl4AaABAg,@carlapessoa7901,Cheguei antes de  viralizar,0,2026-02-23T23:40:44Z,0
UgwFlu-0GInIfBWzkVx4AaABAg,@SamuellukasdeSouza,A cabeça dela em vídeo do e doeu fui ao chão,0,2026-02-23T23:40:42Z,0
UgxsWd8K7DBnII144094AaABAg,@skyejevin,É uma boa mãe 😁☠️,0,2026-02-23T23:40:37Z,0
Ugwbt51DcHPcoNRvWI14AaABAg,@Joana_gamer-12,Eu pensei que a boneca tava com demônio no corpo e eu tava no banheiro fazendo o 2 ;-; e a luz do banheiro piscando 🥲,0,2026-02-23T23:40:37Z,0
UgzhEfkzdkeVC7ljmet4AaABAg,@DanielFernando-m3t,Meu Deus gente mato a criança ali o,0,2026-02-23T23:40:37Z,0
Ugyxb1MzPiqrkllAcOV4AaABAg,@Mary-c6j1b,CHEGUEU,1,2026-02-23T23:40:34Z,0
Ugx3luIpSjdvTrOoDUB4AaABAg,@PerolaGamesOfc,780 likes 🎉🎉,0,2026-02-23T23:40:28Z,0
UgztaJUa6wusN05Ko5J4AaABAg,@aluvercydossantos5610,Tropa dos primeiros,0,2026-02-23T23:40:23Z,0
UgzfktP7evAbKraZp4F4AaABAg,@satoroYT_OFICIAL,Oi,0,2026-02-23T23:40:22Z,0
Ugwyfpz5UnvSNviFerx4AaABAg,@gatitodepijama,Cheguei cedo pela primeira vez,0,2026-02-23T23:40:17Z,0
UgwwNzh_3WbHFIkXjn94AaABAg,@HeloisaFerreiraSilva-x8m,"Kkkkkkkkkkkkkk7h Kkkkkkkkkkkk o a de 487fv4387tv😂e fvo,a 🎉ktvkfkrk4kxfkf4k92tvk5o3kyvo,🎉6vk96v5okyb9k9kkkkkkkkk😅😅😅😅😅😅😅😅😅😅😅😅😅😂😂😂😂😂😂😂😂😂",0,2026-02-23T23:40:05Z,0
UgynMT9onmIiqcHZfQ94AaABAg,@CinthiaAurora35673,"Tropa que chegou antes de viralizar 
👇",1,2026-02-23T23:39:52Z,0
UgzsAc7k7k_DW4fPZr54AaABAg,@Caroline-d7e,AMOOOO O PUCK❤,1,2026-02-23T23:39:44Z,0
UgxiTX5ahdjRc_Yw46F4AaABAg,@anyysiilva5664,Cheguei antes de viralizar,0,2026-02-23T23:39:37Z,0
UgxlkQ1bL9C96O7EQat4AaABAg,@Mano_edd,Mano faz um vídeo comigo pls,0,2026-02-23T23:39:28Z,0
Ugw891GvsdOvSFOjC4d4AaABAg,@LuluMochii65,MEU DEUS AKKAKAKAKAK SOS AKAKKAKAK,0,2026-02-23T23:39:23Z,0
UgwlvnWbtEERpr79yLt4AaABAg,@fofula,"⬛⬛⬛⬛⬛⬛⬛🌸
⬛⬛⬛⬛⬛⬛🌸⬛
⬛⬛🏻🏻🏻🏻⬛🌸
⬛🏻🏻🏻🏻🏻🏻⬛
⬛⬛⬛🏻🏻⬛⬛⬛
⬛⬜🟪🏻🏻🟪⬜⬛
⬛🏻🏻🏻🏻🏻🏻⬛
⬛🟩🟩🟩🟩🟩🟩⬛
ℕ𝕖𝕫𝕦𝕜𝕠 by@FacemojiKeyboard",0,2026-02-23T23:39:21Z,0
UgxJNSGN7dkHyjrPZQ54AaABAg,@Eduardobr-v5z,😂😂😂😂😂😂😂😂😂😅😅😅😊,0,2026-02-23T23:39:10Z,0
UgwIlFw1CWa5_n9--zN4AaABAg,@marliantunes6811,Kk,0,2026-02-23T23:38:58Z,0
Ugwu27It3A4TChueASx4AaABAg,@BernardoSouzaVianna,Cheguei,0,2026-02-23T23:38:57Z,0
UgzEj6IPff2x3-9cnE14AaABAg,@cagadinhodasedits,Oi😊,0,2026-02-23T23:38:52Z,0
UgymIBM7IituMKrFDKN4AaABAg,@Gabi_art12,Eu cheguei com 700 likes e vcs?,1,2026-02-23T23:38:51Z,0
UgyI1dths5QwJDTUMah4AaABAg,@GuilhermeSouza-b9s,Oi puck,0,2026-02-23T23:38:31Z,0
UgwdcskJqQECaXNwbql4AaABAg,@fã-clube-d6v,CEDOO PUCKZITOO CHEEKAAA,0,2026-02-23T23:38:27Z,0
Ugw8KkIUYVEaL5NsoeR4AaABAg,@ADRIEL_FUT-p8o,Quem chegou antes de viralizar?,1,2026-02-23T23:38:24Z,0
UgywcVfgn5DIFhOhLl54AaABAg,@MelissaDias-p6x,Slk lkkkkkkķ❤😂😂😂😂😂,0,2026-02-23T23:38:22Z,0
UgzX0g1Jz1DtkV1q96J4AaABAg,@Mano_edd,Meno porfavor,0,2026-02-23T23:37:46Z,1
UgzQg4jy4lEcWREGtmR4AaABAg,@Miau-q2f,Mds 6 min,0,2026-02-23T23:37:43Z,0
Ugz7zEy5VsW7zFd5M1d4AaABAg,@Crescendocomsara-i9m,Meeeeee,0,2026-02-23T23:37:34Z,0
UgzE-Ea7LybneoSg5lt4AaABAg,@MorgannaV123,"Assim que eu vi Traumatismo eu pensei ""craniano"", e acertei",1,2026-02-23T23:37:27Z,0
UgyHZbCWnPiZEh1hzuR4AaABAg,@Mano_edd,Puckizito,0,2026-02-23T23:37:27Z,0
UgwLvebL6Sps1sVwk714AaABAg,@LalaXD692,Cheguei cedo •*¨*•.¸¸☆*,0,2026-02-23T23:37:17Z,0
UgwJeBjgq8VeNSYKKOp4AaABAg,@Any_do_grau,"""Traumatismo...OXI?🤨""kskskskkkskkkk",87,2026-02-23T23:37:05Z,2
UgyWbLayqUVXaLbqbLx4AaABAg,@Lunaqamaosrosa,kakakakakaka,0,2026-02-23T23:36:52Z,0
Ugxe86oKTmUgrNfz1GN4AaABAg,@VandaAparecidaPrudente,Nss cheguei cedo pela primeira vez,0,2026-02-23T23:36:42Z,0
Ugys3EmZXmyX8W_LOuB4AaABAg,@Kotoha_Hashibira-ofc-e4w,"""Ah uma vez eu tomei uma bolada na csra, mas eu acho que eu tô normal até hoje- hdjfuc.. é o tourete"" kkkkk",31,2026-02-23T23:36:38Z,0
UgytrvMs6qPExjyflc94AaABAg,@Mano_edd,Po seloko,0,2026-02-23T23:36:35Z,0
UgwRm0VTGJCs46W2vNF4AaABAg,@Mano_edd,Nossa hi foi mas engraçada,0,2026-02-23T23:36:24Z,0
UgxmMW04R4n1btZWYw14AaABAg,@enzogabrielaragaosilva1079,Oi puck eu tô começando a ter pineumunia se vc puder me nota eu agregar,0,2026-02-23T23:36:23Z,0
UgxMVj3HbQHUuONg5Y94AaABAg,@MariaAlice-c9e5z,Kkkkkkk😂😂😂😂,0,2026-02-23T23:36:21Z,0
UgzFfQSJfwNTdqmpwqh4AaABAg,@Baconroblox-l6d,oi❤❤❤❤,0,2026-02-23T23:36:11Z,0
UgzlPwad2wDc-J0b6rJ4AaABAg,@MarinaCasagrande-z9x,Amo seus videos,2,2026-02-23T23:36:00Z,0
UgzLz4O7qWVm8qjy38h4AaABAg,@Irmãos_do_desastre,Opa pessoal,0,2026-02-23T23:35:53Z,0
UgywMVmr6RTyIJ9iaVt4AaABAg,@MillieBB-n1w,Kakakak,0,2026-02-23T23:35:42Z,0
UgzSGrvN8Irs8mMUC2x4AaABAg,@Mano_edd,Craniano seloko,0,2026-02-23T23:35:40Z,0
UgwWraIac--cAEFjFKl4AaABAg,@JoãoPedroCrepalde,Tropa de quem chegou antes de viralizar 😊,1,2026-02-23T23:35:26Z,0
UgyYn_M-uI1pSlzSOa54AaABAg,@Ea_japaofc,Cheguei,0,2026-02-23T23:35:12Z,0
UgxcfHQql30pEaB3EQF4AaABAg,@mui-clt-ships,"""tá amarrado no nome do mano Jp*",2,2026-02-23T23:35:04Z,0
UgwM17o8ZJ2PB0KBIzR4AaABAg,@kitsune.user7655,EAE #punkzinho,0,2026-02-23T23:35:03Z,0
Ugz0iDxIVC6X6Nap4kR4AaABAg,@Millyboby-u6w,"""então seu vai ser crâniano ok🎀😁😈""",0,2026-02-23T23:35:00Z,0
UgxyQ3EKgzQJyQMOozF4AaABAg,@lucaxbruxo,Chegei cedo eu assti primeiro na tv e depois eu vi no cll,0,2026-02-23T23:35:00Z,0
UgxQ6G0oWV3YL2aPBWV4AaABAg,@y_corinthiano,"As meninas da minha escola tem essas cruz credu aí não dá certu """,0,2026-02-23T23:34:57Z,0
Ugx_nBummkEugOI5xBB4AaABAg,@ZenitsuAgatsuma-f9c,Caraca mano em pouco tempo já tem 200 e pouco comentário,0,2026-02-23T23:34:54Z,0
UgzENAbGGoKsdAZmSbB4AaABAg,@RafaellaamaEmillyVick,Quanso vi tinha 435 likes,0,2026-02-23T23:34:49Z,0
UgwNgu2lEeqPNVi8sJt4AaABAg,@Erickvini2013,O passado do inimigo 💀,1,2026-02-23T23:34:46Z,0
Ugxkqoh6Vs9CvanWjgx4AaABAg,@MamãeJulye,Kk,0,2026-02-23T23:34:43Z,0
UgyDC3eHQJ6JkmGg0F54AaABAg,@LarissaSales-u3q,Me nota sou seu fã puckzito,0,2026-02-23T23:34:40Z,0
Ugw6GFUYho9SUqAiEy54AaABAg,@caiomelo312,𝙲𝚑𝚎𝚐𝚞𝚎𝚒 𝚌𝚎𝚍𝚘,0,2026-02-23T23:34:35Z,0
UgxpNPe0Ww1gHPvZ0i14AaABAg,@Gustavinho-d6e,Primeira vez tentando ficar famoso pelos os comentários,0,2026-02-23T23:34:29Z,0
UgyYpHouY33P86N4s3R4AaABAg,@AnthonyJogaJogos,Eu te amo puckzito❤❤❤❤,1,2026-02-23T23:34:16Z,0
UgxK4ZSNObWDtWwSDnF4AaABAg,@MolhoNeles,""" acho que foi de boa pq eu to bem até hj (o efeito da bolada) é o TOURETTE""AKAKAKKAKAKAKAKAKKAKAKAKAKAKAKAKAKA rachei o bico",30,2026-02-23T23:34:00Z,0
UgzYsS1mihFQY7LyXql4AaABAg,@Laramachado07ursoMDT,Kkkkk slk,1,2026-02-23T23:33:56Z,0
UgyI6asJpI33JFxrSu94AaABAg,@Mano_edd,Sea eter,0,2026-02-23T23:33:40Z,0
UgwsuaA6XOItgoxS59h4AaABAg,@raquelolivadeandrade,Cuando viralizar eu vou 🔙,0,2026-02-23T23:33:36Z,0
Ugx7l5i4HtAzKP1hIdF4AaABAg,@Mano_edd,Mano grava vídeos di mostro marítima,0,2026-02-23T23:33:22Z,0
UgznyfnvD_q5bO4iX4J4AaABAg,@GabrielaCosta-b8q,Eu chguei cedooooo,0,2026-02-23T23:32:59Z,0
UgyBWFw1l0MkDjtDEy54AaABAg,@Edits-t9i2n,Crâniano kkkkkkkk,0,2026-02-23T23:32:58Z,0
UgwQMKw-Mz1FDn3cQ9N4AaABAg,@larissa_gamer978,Primeiraaaaaaaaaaaaw🎉🎉waw🎉w🎉q🎉🎉,0,2026-02-23T23:32:56Z,0
Ugz88LTvekm0jTJj3V14AaABAg,@stay_fã_do_felix_ofc1010,"AKAKAKAKAKA EU RINDO O VIDEO TODO KKKK
Comentario 204",1,2026-02-23T23:32:45Z,1
UgwqhEua1VTNIk0K7P94AaABAg,@theluizytofc,"Tropa de quem gosta do puck
👇",1,2026-02-23T23:32:23Z,0
UgwsrEfmY-1qAqyhsM14AaABAg,@NicollaasNogueira,Só 247 likes,0,2026-02-23T23:32:24Z,0
UgwDBMOeY0oUm2o4p8Z4AaABAg,@EricLeviMenezesFranco,100 primeiros fãs,0,2026-02-23T23:32:23Z,0
Ugwrx70o4fbB_u1tCk54AaABAg,@samucat-zhs,Finalmente,0,2026-02-23T23:32:24Z,0
UgysYBVZk4rn-wtpi5F4AaABAg,@Springtrap_amareloo,Os primeiros duzentos fãs ❤❤,2,2026-02-23T23:32:19Z,0
UgwkgB6-J00Q7hGgnnp4AaABAg,@keke_no_mundo_stay,Cegui cedo ebaa❤ obrigada pelo o like (eu mesma que dei😢),1,2026-02-23T23:32:16Z,0
Ugwsf3rsVbH0ySR3_T94AaABAg,@Taylla-i8g,Te amo Puckzito ❤❤,1,2026-02-23T23:32:16Z,0
UgzCY2zlVrVO8pXCZKJ4AaABAg,@LuisDaviGonçalvesSantos,A cada like eu bebo uma colher de sal,1,2026-02-23T23:32:14Z,0
UgzFdu_pdAMKZ5OE3QJ4AaABAg,@manueditsde99,"""então o seu vai ser craniano 💀""kkkkk",253,2026-02-23T23:32:14Z,5
UgyidhOt4GLS1AUJj3t4AaABAg,@DeyvesonWiliam,Não. é. sabor! entendi!!!!!!!!!!!!!!!!!!!!!.?,0,2026-02-23T23:32:13Z,0
UgwSxDf7GdfLtDAm0Al4AaABAg,@ubirataassessoria606,Mds kkkkkkkkkkkkkkkkkkkkkkkkkkkkkkkkkkkkkkkkkkkkkkkkkkkkkkkkkkkkkkkkkkkkkkkkkkkkkkkkkkkkkkkkkkkkkkkkkkkkkkkkkkkkkkkkkkk,7,2026-02-23T23:32:04Z,0
UgyQ9cr-hoH6mBseW3p4AaABAg,@soldado_oficial-u5t,Porque ela quer ter traumatismo?💀,0,2026-02-23T23:32:03Z,0
Ugz9JCBq3jRs2FCqU6l4AaABAg,@GrasielaLima-e3v4n,SELOKO ISSO O DEM0NIO,0,2026-02-23T23:32:01Z,0
UgzPnlJ-Vu946wzhaJh4AaABAg,@ෆ_Rycce_the_artist_ෆ,CHEGUEEEEEEEEEEEEEEEEEEEEEEEEEEEEEEEEEEEEEEEEEEEEEEEEEEEEEEEEEEEEEEEEEEEEEEEEEEEEEEEEEEEEEEEEEEEEEEEEEEEEEEEEEEEEEEEEEEEEEEEEEEEEEEEEEEEEEEEEEEEEEEEEEEEEEEEEEEEEEEEEEEEEEEEEEEEEEEEEEEEEEEEEEEEEEEEEEEEEEEEEEEEEEEEEEEEEEEEEEEEEEEEEEEEEEEEEEEEEEEEEEEEEEEEEEEEEEEEEEEEEEEEEEEEEEEEEEEEEEEEEEEEEEEI👺,0,2026-02-23T23:32:01Z,0
UgxlAFHp5l4qCuoPWk94AaABAg,@liamathaislinares,Gentee minha primeira vez chegando em um vídeo antes de viralizar❤❤❤,6,2026-02-23T23:31:58Z,0
Ugw2oWVxCZLhRxSQOBR4AaABAg,@feiticeira_sophia_b3k,Quarta❤❤❤,0,2026-02-23T23:31:54Z,0
UgwyQlzO5BJrNowQUSx4AaABAg,@juninhooooooooo-p9n,cheguei cedooooooooooooooooooooooo,0,2026-02-23T23:31:53Z,0
UgyRSzR-8O-bvfh9_f54AaABAg,@JoseRocha-c2f9l,Oi puckizito😊,0,2026-02-23T23:31:51Z,0
UgyNb6tdsavCeave5pR4AaABAg,@elmadossantosteixeirasousa449,Quarto!!!!!,0,2026-02-23T23:31:48Z,0
Ugzqv6CnfW9-c1IY_nV4AaABAg,@malucomisterioso,A mãe também quer ser diferentona kkkkk,28,2026-02-23T23:31:45Z,1
UgwR42uJzSqgaFSl-wl4AaABAg,@starr_353,O puck indignado kkkk,11,2026-02-23T23:31:45Z,0
UgwrZnuscI7L1sq8ps14AaABAg,@jeniffersouza3987,Sexta a comentaaaaaaaaaaaaaaasaaaaaaaaa😊,0,2026-02-23T23:31:45Z,0
UgxJzTgBNRAKbQGaIol4AaABAg,@JoãoGabriell-s3j,"Quem é fã de vdd do puck clica aq
👇",1,2026-02-23T23:31:43Z,0
UgwrIJ82YDkrUUWtcuF4AaABAg,@MayaRodrigues-h1f,Meu Deus traumatismo craniano,0,2026-02-23T23:31:39Z,0
UgxR93iDcVCouws99yZ4AaABAg,@andersonpassoni1274,Primeiro,0,2026-02-23T23:31:37Z,0
UgwqfOB_v6XngQ6ztzh4AaABAg,@RafaelinhaEstevan,Quartoooo!!!!!!!!!!!,1,2026-02-23T23:31:37Z,0
UgzwsnptIWv9Mj-R1CV4AaABAg,@BrunaNevesPereira,Quem chegou primeiro de viralizar,0,2026-02-23T23:31:36Z,0
UgzbqBy0ebeYmnPzEi94AaABAg,@rora_mostiez,"""Eu quero um traumatismo diferente """,3,2026-02-23T23:31:36Z,3
UgyGZoMEuBpvCXO-BYR4AaABAg,@santinadasilvaassis3003,2,0,2026-02-23T23:31:35Z,0
UgyFA2TdT3FevIt0zcp4AaABAg,@Fandokatseye,4º PUCKKK!!!!,0,2026-02-23T23:31:35Z,0
UgytjXIUEtcS_zbq3Al4AaABAg,@lorenaoliveiradasilva,Seloko puckzito😂,3,2026-02-23T23:31:33Z,0
UgxqNVNHHZrguVXnv894AaABAg,@miguel_sep_1,Mds man os comentário a 4 17 35 seg,0,2026-02-23T23:31:32Z,0
UgzSzR_OCZEVaqthfkF4AaABAg,@MiguelJorge-l8w,𝐄𝐮 𝐬𝐞𝐢 𝐮𝐦 𝐭𝐫𝐚𝐮𝐦𝐚𝐭𝐢𝐬𝐦𝐨 𝐜𝐫𝐚𝐧𝐢𝐚𝐧𝐨😂 𝐤𝐬𝐤𝐬𝐤𝐬𝐤𝐬𝐤𝐬𝐤𝐬,1,2026-02-23T23:31:31Z,0
UgzSYJK7tEgLiJ1LU494AaABAg,@AliceanunciaçãoSantos,eeeee... eu acho que ela mirreu,0,2026-02-23T23:31:29Z,0
UgxwWLOrh7lZHJW9LNF4AaABAg,@carlafernandez1274,Déssemo nono,0,2026-02-23T23:31:28Z,0
UgwQMAZyiKtNxHr79-x4AaABAg,@MiguelLeao-g6z,Me nota,0,2026-02-23T23:31:28Z,0
UgzVsOWNccb92OhSCHZ4AaABAg,@IsmaelPedroso-i7e,Mano,0,2026-02-23T23:31:28Z,0
UgxBTo7hWrZxxH6dVyZ4AaABAg,@galo.carioca-i4n,Eu fiz,0,2026-02-23T23:31:27Z,0
UgzcYvvwm_DWlgorC4J4AaABAg,@kroy_gostosão_x7,Eu  demorei 15 segundos pra ver os comentários e já tem mais de 85 comentários,0,2026-02-23T23:31:26Z,0
UgwFckDIjCjSGOz0MAx4AaABAg,@foxyofc_YT,Manda salve plsss,0,2026-02-23T23:31:26Z,0
UgybyapEi1q1B-tXeC94AaABAg,@Otis-xmeia,Que do😊Kkkkkkkkkkk Kkkkkkkkkkk Kkkkkkkkkkk Kkkkkkkkkkk Kkkkkkkkkkk Kkkkkkkkkkk,0,2026-02-23T23:31:26Z,0
UgwlUcF_NeZzdNS01Ip4AaABAg,@fary_moon,Cheguei antes de visualizar com sem likes,0,2026-02-23T23:31:25Z,0
UgylqRPu_zTJ7mf5O094AaABAg,@Rosileidevieira-g9k,Opa nono a comentar,0,2026-02-23T23:31:25Z,0
Ugx5yg1XtS6xrf2EEgZ4AaABAg,@HelenaRamos-m7u,kkkkkk😂,0,2026-02-23T23:31:23Z,0
UgwwGJtnrLkubz2GJNt4AaABAg,@ninjago_edits_top1,Olk 30s atras,1,2026-02-23T23:31:23Z,0
UgzS-EbVUhupGFLLZkN4AaABAg,@sou_Belly,Mn eu foi a primeira a deixar o link q legal,0,2026-02-23T23:31:21Z,0
UgyFbXin8MDZ6A2fNt54AaABAg,@ursos_1773,Oiiii puckzitooooooo eu sou sua faa,1,2026-02-23T23:31:21Z,0
UgxC989vMe8zTqXHXfR4AaABAg,@little_star-fãdomdt,Cedoooo,0,2026-02-23T23:31:19Z,0
UgybBHGtmu26vA8IgNF4AaABAg,@NICKYZIMBR,Eai puck,1,2026-02-23T23:31:19Z,0
Ugx3gbWalnY2RRTsxR54AaABAg,@RosimereOliveira-r3l,Comentário número 4 é segundo a dar like,0,2026-02-23T23:31:18Z,0
UgwjIzqySQiilk_82uB4AaABAg,@YasmimSouza-e2t,Quarta,1,2026-02-23T23:31:17Z,0
UgxK4LoA9JVVKawoGPl4AaABAg,@헬로이자,Me nota sou MUITO seu fã fui a primeira a dar like me notaaaa🎉😢,0,2026-02-23T23:31:16Z,0
UgzPL61PCiJB0ZAyRNh4AaABAg,@bebella_cat,Cedoooiiio😊,2,2026-02-23T23:31:16Z,0
Ugy1tczFy0GJRoOmcK54AaABAg,@giovana_2016,Puckkk me nota plisss,0,2026-02-23T23:31:15Z,0
Ugw9b-0H8vmtoeXZz4F4AaABAg,@Emyh_ama_pessy,Cedoo,0,2026-02-23T23:31:15Z,0
Ugy-rMMlW-xnyAiVTqJ4AaABAg,@Emily_gamer-187,AHHHHHHH CHEGUEI COM 1 LIKEEEWEE,1,2026-02-23T23:31:15Z,0
UgwhsnfrNDeAv20dTjF4AaABAg,@LORENZOOliveira-w3f,😊😊😊😊😊😊😊,0,2026-02-23T23:31:14Z,0
Ugxi59xxGU2Ni0T28Yp4AaABAg,@SamyraDeAmorinsantana,😂😂😂,0,2026-02-23T23:31:14Z,0
UgxrdfWx8t5XM9tqjXt4AaABAg,@apenasumfadeblue,Cheguei cedo denovo🎉🎉🎉🎉🎉,0,2026-02-23T23:31:14Z,0
UgwnX0fDnN_auzMmEvJ4AaABAg,@eduardofernandes3818,Quartoooooooooooo!!!!!!!!!!!!!,0,2026-02-23T23:31:13Z,0
UgyfS4IT81RbYHkv98J4AaABAg,@CassianoFlavio-m3s,KAKAKAKAKAKA,0,2026-02-23T23:31:13Z,0
Ugzo4OoiAMY0JOk5_jt4AaABAg,@charmoso123,Tropa de quem chegou antes de viralizar,0,2026-02-23T23:31:12Z,0
UgymEdHkft2Cd4AoBfJ4AaABAg,@CelinaSantos-f7h,Quem cego cedooo,0,2026-02-23T23:31:10Z,0
UgxVP9z1o4fWxp4HcdJ4AaABAg,@ManuSouza-c6q,❤,0,2026-02-23T23:31:10Z,0
UgxN3I54vX2GTbPJCQl4AaABAg,@AugustoPereira-i1i7t,Menota😊😊😊😊,0,2026-02-23T23:31:10Z,0
Ugx0Kq17DSV_U0JM4qd4AaABAg,@CreuzaRibeiroFerreira,Oloco😂😂,3,2026-02-23T23:31:08Z,0
Ugw9wJOKKyh6VPxQNCV4AaABAg,@eliandrocha654,Quartooooo🎉🎉🎉🎉,0,2026-02-23T23:31:08Z,0
UgwSSvQXiAPDSEjaAKJ4AaABAg,@StellaZanchet,Quartaaa,0,2026-02-23T23:31:08Z,0
UgzwE3oeJzROwxk05xF4AaABAg,@wl_Gameplay-u2d,Cedo,0,2026-02-23T23:31:07Z,0
UgyW9arWtyPfBQZPBmp4AaABAg,@Cuzcuz_7777,Último desfixa?,0,2026-02-23T23:31:07Z,0
Ugz3eBXb8gP5ncBbrGp4AaABAg,@velocistazoom20,Puck qual sua marca de cimento favorita,10,2026-02-23T23:31:07Z,1
Ugx3jqSVmjXgK6dn_Xh4AaABAg,@Henrique-g1u,27seg,0,2026-02-23T23:31:03Z,0
UgzDx9FGfEjz4-XGKmV4AaABAg,@Lua-otaka-edits,Até que cheguei cedo,1,2026-02-23T23:31:03Z,0
UgwrfVhwDcNOhKSRFt14AaABAg,@Alice_zhu,Olk não pode man kkkakakakakak,2,2026-02-23T23:31:02Z,0
UgzdkwoyNXL8aQHCImJ4AaABAg,@gabrielbiel8916,Poderia curtir meu comentário puk,0,2026-02-23T23:31:02Z,0
Ugy8QJ1MCPkINdUNW9Z4AaABAg,@RonariBatista,Quinto,0,2026-02-23T23:31:02Z,0
Ugz4km_Hxp0IqQBkZWF4AaABAg,@ArthurAyres-c3f,❤❤❤,2,2026-02-23T23:31:00Z,0
UgyrZKvF_4BJNUN-IYB4AaABAg,@miguel_sep_1,Mds só dois like,0,2026-02-23T23:31:00Z,0
UgyTeRLTorPAty2RBLJ4AaABAg,@Brayan-o3i8z,Kkkkkkkkkkkkkkkkkkkkkkkkkkkkkkkkkkkkkkkkkkkkkkkkkkkkkkkkkkkkkkkkkkkkkkkkknkkkkkkkkkkkk,0,2026-02-23T23:31:00Z,0
UgwaTcIvjKwUR-1nK014AaABAg,@NPZedits00,Quinto o puckzito me dá um salve,1,2026-02-23T23:31:00Z,0
UgxJ9AFh8vlHuvUNp454AaABAg,@RafaelinhaEstevan,Tudo bem ❤❤❤ te amo muito 😊😊,3,2026-02-23T23:31:00Z,0
UgwY8sly4i5NX8FsAyJ4AaABAg,@yuye_br,Quarto,1,2026-02-23T23:30:59Z,0
UgznojZqXqy0cXMY1mJ4AaABAg,@DharaOliveiraMachado,"Reuno os 10 primeiros fans verdadeiros do puck
👇",3,2026-02-23T23:30:58Z,0
UgwMyPHwOUY7r9LnBOR4AaABAg,@kakamimilala,Quinta,0,2026-02-23T23:30:58Z,0
UgySp2x46PI4Aw4S04h4AaABAg,@Heleninhadograu078,QUINTA AAA,1,2026-02-23T23:30:57Z,0
UgzSdwM_FWdhfyFMgfp4AaABAg,@SafiraMartins-z4i,Quinta,0,2026-02-23T23:30:55Z,0
UgwL8V1ztfk5k6JI3D54AaABAg,@MValenGamess,Eu fui a 2 pessoa a deixar o 👍 like ❤,0,2026-02-23T23:30:54Z,0
Ugxd-6lwrUFiQ2aZT754AaABAg,@GlendaSilva-d4c,Oi,0,2026-02-23T23:30:54Z,0
UgxSoyfhE0iUP6Gq_C94AaABAg,@EmilySophia123-l5l,Finalmente cheguei cedo 🎉,1,2026-02-23T23:30:53Z,0
UgwWWPjJEDAqbbXCK7B4AaABAg,@AugustoPereira-i1i7t,Primetooooooooooooooooooooooooooo😊,0,2026-02-23T23:30:52Z,0
Ugx8frRJ00L6xoPNcYt4AaABAg,@IsabelaAlves-gf2io,"Quem chegou aqui cedo

👇",0,2026-02-23T23:30:52Z,0
Ugw1lJtH6XW24atRbYZ4AaABAg,@SanmiraSantos-i6p,Segunda 😊😊😊,0,2026-02-23T23:30:51Z,0
UgyH-2NsUCeQEvGE3AB4AaABAg,@eu_zegato,Quem chegou antes de viralizar?,200,2026-02-23T23:30:51Z,5
UgwXK6pD22vGtIK5ksF4AaABAg,@Mano_edd,Seloko 😂😂😂,15,2026-02-23T23:30:51Z,1
Ugyb-_me27Cb2XsQ_fh4AaABAg,@Vortexchannel-l6x,Kkkk,0,2026-02-23T23:30:51Z,0
UgxDUl7dqLBEuH70ir54AaABAg,@SophiaBordignon-k6b,OIEEEEEEEE CEDOOOOOOOOOX,0,2026-02-23T23:30:49Z,0
UgyniCuY9JRIzqGMM194AaABAg,@MatheusOliveira-g6w,Me nota puck,0,2026-02-23T23:30:49Z,0
UgwjKtlFrC1kJfiIvOx4AaABAg,@PedroPereira-c3r3z,Quinto😮😮,1,2026-02-23T23:30:49Z,0
UgzTYBvesRaPpgLisi54AaABAg,@franciscoandersson716,Caramba,0,2026-02-23T23:30:48Z,0
UgyDm7K5nd7QHmI6ELV4AaABAg,@Evixen_Lov3123,Quarta !! (⁠人⁠*⁠´⁠∀⁠｀⁠)⁠｡⁠*ﾟ⁠+,0,2026-02-23T23:30:48Z,0
UgxNzqXaYtpptVxCq-J4AaABAg,@joaquimalbino1611,"Opa puck bão tu tem 2,50 reais pra eu comprar um pastel de pombo ?",0,2026-02-23T23:30:47Z,0
UgxmsQarRaejrU6XphR4AaABAg,@irmaos_blox-4,Tercemiso,0,2026-02-23T23:30:47Z,0
UgzNjoLclu2m05oJaLF4AaABAg,@marcelorocha-l6s,Quinta nessa poha,0,2026-02-23T23:30:47Z,0
UgzXvwQAKJgMuiFNW494AaABAg,@Yattazinha-15,Quarta!!!!!!!!!!!,0,2026-02-23T23:30:47Z,0
UgxyfmnJeIDp8DysKix4AaABAg,@adenilsonmds,Primeiroooooo,0,2026-02-23T23:30:47Z,0
UgyrZ040-u_kwF-JcQ94AaABAg,@aventurasdeCecilia-hr7oo,Oi puck te adoro,2,2026-02-23T23:30:47Z,0
UgxiJ5R7CyDo8ec4zYp4AaABAg,@lala_werneck,Kakakakakakaalkakkaka,0,2026-02-23T23:30:46Z,0
UgxsDQf2QiEvA15psiR4AaABAg,@edites_elite,PUC me nota,0,2026-02-23T23:30:45Z,0
Ugxy_7VyceWrL2cJd9V4AaABAg,@DiogoSilva-v8j,Último,0,2026-02-23T23:30:45Z,0
Ugx86TqwpEjlmXRmfDV4AaABAg,@EdvaldoSantos-q6i,2,0,2026-02-23T23:30:45Z,0
UgxZF1WHMr39UCaaEWB4AaABAg,@Lari-y9b,Cheguei cedooooo🎉🎉,0,2026-02-23T23:30:44Z,0
Ugys3ovSAwS2SCYdNfJ4AaABAg,@marizinha-i8d,Quartaaaa,0,2026-02-23T23:30:44Z,0
UgwN8qppHQD7c88PBK54AaABAg,@rambyxdd,Cheguei cedo,0,2026-02-23T23:30:44Z,0
Ugz1vSmyVCaQLf6hrzR4AaABAg,@K-dreamOfc,Cedoo,0,2026-02-23T23:30:44Z,0
UgwnBg-NNexUrz_dM8p4AaABAg,@HelenaAnimadora,E fui a primera a deixar o like😮,0,2026-02-23T23:30:43Z,0
UgxCn7JajBdmUfyP6tp4AaABAg,@Laís-r6q,Quarta,0,2026-02-23T23:30:43Z,0
UgzrqaqPUc7RsVfnKtp4AaABAg,@MariaValentina-b6u3h,Oii,0,2026-02-23T23:30:43Z,0
UgyYSyNqHyZRry6kGS54AaABAg,@SallyDragons,CEDOOO!,0,2026-02-23T23:30:43Z,0
UgyhZggC59p8c5g0iQx4AaABAg,@AnaCristina-c6g4x,Quarto,0,2026-02-23T23:30:43Z,0
UgyppXbP9zr_sUD2-c94AaABAg,@hersantmiguel,Quarto cheguei cedo,0,2026-02-23T23:30:42Z,0
UgxMXh5zSJYnfLI2Nm94AaABAg,@bruxa_bruxinha-m7n,Quarta!!,1,2026-02-23T23:30:42Z,0
UgwUeDjOHihsWxjz4oB4AaABAg,@MaLuGames-d3q,quarta 😂😂😂😂,1,2026-02-23T23:30:42Z,1
Ugy9xd6Iz6yqPP47bT14AaABAg,@luffy1886-x3h,Quarto!!!!!!!!!!!!!!!!,0,2026-02-23T23:30:42Z,0
UgxxiTXKYa9_gfFtEn94AaABAg,@Potatatato-w3h,QUARTOO!!!!!!!!,0,2026-02-23T23:30:42Z,0
UgyAAOw2LFaj5bF_vpZ4AaABAg,@umcaraaleatório-w1t,Quinta,0,2026-02-23T23:30:41Z,0
UgzLdoSTkxkBzrE6fY94AaABAg,@BrunodoFF-i5i,Quarta 🎉🎉🎉🎉🎉🎉,0,2026-02-23T23:30:41Z,0
UgwnahgyEWahdrf9gGt4AaABAg,@FanDoCR7-f1z,Quarto!!!!!!!!!!!!!,0,2026-02-23T23:30:41Z,0
UgySb9hFWTG6QImNEbx4AaABAg,@CristianeDias-u6h,QUARTA  PUCK ME NOTAAA,2,2026-02-23T23:30:41Z,0
Ugw47c_fovAvagYDyiV4AaABAg,@miguelito4k,Meu Deus mano eu tô o quarto queria ter um segundo véi,0,2026-02-23T23:30:41Z,1
UgySm6aAXN2F_3pIJJB4AaABAg,@LolaSofia-t1p,❤,0,2026-02-23T23:30:41Z,0
Ugy9NTSAcTv2NRpcmzF4AaABAg,@fã_do_xlov123,4 EBAAAA!!!!,1,2026-02-23T23:30:40Z,0
UgwkpCmuZCcUkXzvrkZ4AaABAg,@ENZO_TDR_TDR,Eai dona Deide costa,9,2026-02-23T23:30:40Z,0
UgzMlN-4JS_QPxqcw5J4AaABAg,@VictorGabriel-h6r7j,quarto!!!!!!!!!,0,2026-02-23T23:30:40Z,0
UgwNL_WUHKb5GD1tvxR4AaABAg,@mau.mau2015,Quinto,0,2026-02-23T23:30:40Z,0
UgxhwlEN62p3kzLPnux4AaABAg,@tinar6p7h,Kk,0,2026-02-23T23:30:40Z,0
Ugy2o0TaiwbQWEY-QXB4AaABAg,@LuanaDeSousaGirola,Oxi,1,2026-02-23T23:30:40Z,0
UgzKseVZX-lM5EW2b9p4AaABAg,@Eu.Carolzinha-sobre.issomesmo,Licencinha,0,2026-02-23T23:30:40Z,0
Ugw3QDbWdd2keUpY-VJ4AaABAg,@LaraSoares-d7g,Quartaaaaaaaa,0,2026-02-23T23:30:39Z,0
UgydLkAJtQ3nMJBY4sB4AaABAg,@copyvideoscurtos,Aeee quarto,0,2026-02-23T23:30:39Z,0
UgyEQK2A4Rm7NOOUTet4AaABAg,@tanjiro_perondi,Quarto,0,2026-02-23T23:30:38Z,0
Ugx6WKGe6dUMG10uKq54AaABAg,@Lelezito2024,Quarta,0,2026-02-23T23:30:38Z,0
UgykSRZM85xNu7ajlal4AaABAg,@larinhafkxdLara,Quartaaaaa❤❤❤🎉🎉🎉,0,2026-02-23T23:30:38Z,0
UgzE8ketke_jhdnhzbl4AaABAg,@SillaseCaleb-2026,QUARTO🎉🎉🎉❤😂,0,2026-02-23T23:30:38Z,0
UgzCQUEyaPYCJbD-k194AaABAg,@vanessacorrea9590,Quartaaaa eeeee,0,2026-02-23T23:30:38Z,0
Ugz_2RdkJOCw3jei-id4AaABAg,@jellyi116,Quem chegou cedo,6,2026-02-23T23:30:38Z,0
UgwmiPmRCNeQ0PTp-Vl4AaABAg,@Fandokatseye,OIE PUCKK!!!!! Reage ao vídeo do Pitomba dnv,1,2026-02-23T23:30:37Z,0
Ugw3WkucLdfnj1Bqjih4AaABAg,@GigiGamer-l1l,Oiiii,0,2026-02-23T23:30:37Z,0
UgxutV1vQ4CuBBODArR4AaABAg,@edupedro-i1f,Quartoooooo,0,2026-02-23T23:30:37Z,0
UgzScdJ_bb0j7PULIHd4AaABAg,@abacaxisvamosdominaromundo,Aeee,0,2026-02-23T23:30:36Z,0
UgxTxojQvvkpAAmRlVh4AaABAg,@Matheux_123,Quartooo,0,2026-02-23T23:30:35Z,0
UgwDBRey5bJ-MLK7TLl4AaABAg,@Mitsuri-b2o,Quarta! !!,0,2026-02-23T23:30:35Z,0
Ugw0i056iRAl92aRh714AaABAg,@foxyofc_YT,Opa puck manda salve,0,2026-02-23T23:30:35Z,0
UgxpNVynpFfKvRnUgsp4AaABAg,@kroy_gostosão_x7,Quartoooo,0,2026-02-23T23:30:35Z,0
UgwpbdvEIzD9wKUjiAB4AaABAg,@rafalinda3217,Quartaaaaaa😅,0,2026-02-23T23:30:35Z,0
UgxYPioyXJKxtbDwabF4AaABAg,@manu-edx,Kkkkkkkkkkk,0,2026-02-23T23:30:35Z,0
UgxkFm2GKofExIGQDrJ4AaABAg,@MundodaClara_YT,"Mds
Quartaaaaaa",0,2026-02-23T23:30:35Z,0
UgyxKveQZ8mUYwUCn9R4AaABAg,@gabrielbiel8916,Quarto,0,2026-02-23T23:30:35Z,0
Ugw1vmwq4NSBUjmEB3t4AaABAg,@Maria-p2h5h,❤❤,2,2026-02-23T23:30:35Z,0
UgzTCb4Lyh4dQDfTAct4AaABAg,@RianBlox_19,Oiiio,0,2026-02-23T23:30:34Z,0
Ugzmn5FEK4bAEr6rb1l4AaABAg,@starrrmabel,Quarta;-;,0,2026-02-23T23:30:34Z,0
Ugwu59Rk1xQCqVksspN4AaABAg,@Enzo-q4j,Quartoooo,1,2026-02-23T23:30:34Z,0
Ugwa3zRbSXuZFUczlb94AaABAg,@helenalaracorrea,HELO MOTO,0,2026-02-23T23:30:33Z,0
Ugxco7SMNJ_rXxRrZgp4AaABAg,@Twotimemysecondlife,Quarta!! ❤,0,2026-02-23T23:30:33Z,0
Ugz8odn0SVD5zK2rc954AaABAg,@IsaacVidal-k8z,Quartoooo,0,2026-02-23T23:30:33Z,0
UgwlAwird3k_x7jwjGR4AaABAg,@AllicyaBoni,444,1,2026-02-23T23:30:33Z,0
Ugxhtm-SgQvVW6UTaTF4AaABAg,@SophiaTY11,Quataaaaaaaaaaaa❤❤,0,2026-02-23T23:30:33Z,0
Ugzq40eaxKQp13J5wPB4AaABAg,@fox_esta_protegido_do_CLT,Opaaaa,0,2026-02-23T23:30:33Z,0
UgzmrOCkXGvncDWfSZR4AaABAg,@SóPeloHumor,4º,0,2026-02-23T23:30:33Z,0
Ugxfi-HNpRF92-sgvv14AaABAg,@hey_eayorツ,SEGUNDAAA,0,2026-02-23T23:30:32Z,0
Ugw_a3x8ksXy1J9ZPlt4AaABAg,@Caique1x1gamer,Mds,1,2026-02-23T23:30:32Z,0
Ugzjg2M93JO30Kr6r_N4AaABAg,@JoséLucasMoraesGuedes-e9b,Quarto,0,2026-02-23T23:30:32Z,0
UgzS2QaeACJJ1HQFlEF4AaABAg,@GiovannaValentina-q2i,Quarte,0,2026-02-23T23:30:31Z,0
Ugyqccj1luqeDJtZUo54AaABAg,@RafaelinhaEstevan,Oiiiiiiii,0,2026-02-23T23:30:31Z,0
UgzD28htWVmp33RMhd54AaABAg,@wow-cameraman,Quarto,1,2026-02-23T23:30:31Z,0
UgyQidu4BkntZ7APiaN4AaABAg,@YasmimSouza-e2t,Oiiiiiii,2,2026-02-23T23:30:30Z,0
Ugxui86SYHei0tXHgA14AaABAg,@lau_blox-w5b,4,1,2026-02-23T23:30:29Z,0
Ugwft-7GaRtqv2Dq22Z4AaABAg,@GuilhermeNogueira-s2b,Quartoooooooooo,2,2026-02-23T23:30:29Z,0
Ugyecw8wQkoozFxaMDx4AaABAg,@MiguelAmaral-d5z,Primeiro like,1,2026-02-23T23:30:29Z,2
UgxjEHiuFEI7uNbdH4R4AaABAg,@helo_ama_boneca,Cedoooo,1,2026-02-23T23:30:29Z,0
UgwaBGphxVbPWHMGhQt4AaABAg,@GuelGuel-q6g,Quartooo,2,2026-02-23T23:30:29Z,0
Ugxohm8pRNt3ATyKRkl4AaABAg,@ZenitsuAgatsuma-f9c,Salve,2,2026-02-23T23:30:28Z,0
UgxlWEpaPWElBUFUKnF4AaABAg,@Silvan_2,Quartaa,2,2026-02-23T23:30:28Z,0
UgzfnoWfMdKVJT84jxR4AaABAg,@Star-oi2wz,Quartaaaaa🎉🎉🎉,1,2026-02-23T23:30:28Z,0
Ugy4Vxl7Y5L1CDkPAg14AaABAg,@BentoLadeira-x5y,Quarto,1,2026-02-23T23:30:28Z,0
UgzHkC2HivvUNTikI7F4AaABAg,@BernardoBeh-z9n,Segundo 🎉🎉,2,2026-02-23T23:30:28Z,0
UgyuM70YHanGrCepHbh4AaABAg,@DharaOliveiraMachado,QUARTAA❤❤,2,2026-02-23T23:30:28Z,0
Ugw_MTQX9wdqp7Ault54AaABAg,@MatheusSilva-s8e,Oi,0,2026-02-23T23:30:27Z,0
UgzGHhYk1JESElqAVLl4AaABAg,@Henrique-t2r1n,Quarto,1,2026-02-23T23:30:27Z,0
Ugx28kuH8yEpoMVTYWp4AaABAg,@JOSÉ_DAVI_EDITZ-10-c9r,Quarto!!!!,1,2026-02-23T23:30:27Z,0
UgwGNyHGlV9WhN9IdM94AaABAg,@anakelly3038,"quem gosta do puckizito clika aqui
👇",2,2026-02-23T23:30:26Z,0
UgxqHEUkkxusH6DKoll4AaABAg,@sou_o_italo,Quarto,1,2026-02-23T23:30:25Z,0
Ugz6z8a3987FXxsYUud4AaABAg,@HelenaAnimadora,QUARTA👿👿👿😈😈😈😈😈,1,2026-02-23T23:30:25Z,0
UgxFphwf12aufX5V7NJ4AaABAg,@CrazyYoshiOF,Quarto,2,2026-02-23T23:30:25Z,0
Ugxi3A1sV2OYYgBPE5l4AaABAg,@laura_bheatriz,Quartaaaaaa,1,2026-02-23T23:30:24Z,0
Ugz2EV2BIlSdpFynObt4AaABAg,@IsabelleSofia-qe9xg,Terceira!!!!!!!!!,11,2026-02-23T23:10:24Z,0
UgwJjH0bIMvOMeV-z1N4AaABAg,@ARTHURZINHO4433,SEGUNDO!!!!!!!!!!!!!!!!!!!!!!!!!!!!!!!!!!!!!!!!!!!!!!!!!!,8,2026-02-23T23:08:34Z,0
Ugyqhmltaj0ViTQTpz14AaABAg,@LKYTB-ofcc,PRIMEIRO!!!!!!!!!!!!!!!!!!!,15,2026-02-23T22:48:28Z,2
